"STATION","NAME","LATITUDE","LONGITUDE","ELEVATION","DATE","AWND","AWND_ATTRIBUTES","CDSD","CDSD_ATTRIBUTES","CLDD","CLDD_ATTRIBUTES","DP01","DP01_ATTRIBUTES","DP10","DP10_ATTRIBUTES","DSND","DSND_ATTRIBUTES","DSNW","DSNW_ATTRIBUTES","DT00","DT00_ATTRIBUTES","DT32","DT32_ATTRIBUTES","DX32","DX32_ATTRIBUTES","DX70","DX70_ATTRIBUTES","DX90","DX90_ATTRIBUTES","EMNT","EMNT_ATTRIBUTES","EMSD","EMSD_ATTRIBUTES","EMSN","EMSN_ATTRIBUTES","EMXP","EMXP_ATTRIBUTES","EMXT","EMXT_ATTRIBUTES","HDSD","HDSD_ATTRIBUTES","HN01","HN01_ATTRIBUTES","HTDD","HTDD_ATTRIBUTES","HX01","HX01_ATTRIBUTES","LN01","LN01_ATTRIBUTES","LX01","LX01_ATTRIBUTES","MN01","MN01_ATTRIBUTES","MX01","MX01_ATTRIBUTES","PRCP","PRCP_ATTRIBUTES","SNOW","SNOW_ATTRIBUTES","TAVG","TAVG_ATTRIBUTES","TMAX","TMAX_ATTRIBUTES","TMIN","TMIN_ATTRIBUTES","TSUN","TSUN_ATTRIBUTES","WDF2","WDF2_ATTRIBUTES","WDF5","WDF5_ATTRIBUTES","WDFG","WDFG_ATTRIBUTES","WSF2","WSF2_ATTRIBUTES","WSF5","WSF5_ATTRIBUTES","WSFG","WSFG_ATTRIBUTES"
"USC00412011","CORPUS CHRISTI NWS, TX US","27.7793","-97.5055","13.4","2004-10",,,,,"450","1,0","5",",0","1",",0","0","1,0","0",",0","0","1,0","0","1,0","0",",0","31",",0","7",",0","53","1,0,15,","0","1,,0,31,+","0.0",",,0,31,+","0.34",",,0,14,","94",",0,18,",,,,,"0",",0",,,,,,,,,,,"0.54",",,,0","0.0",",,,0","80.0","1,0","88.2",",,,0","71.8","1,,,0",,,,,,,,,,,,,,
"USC00412011","CORPUS CHRISTI NWS, TX US","27.7793","-97.5055","13.4","2004-11",,,,,"123","1,0","7",",0","4",",0","0",",0","0",",0","0","1,0","0","1,0","0",",0","26",",0","0",",0","45","1,0,25,+","0",",,0,30,+","0.0",",,0,30,+","0.69",",,0,15,","85",",0,23,",,,,,"49",",0",,,,,,,,,,,"1.65",",,,0","0.0",",,,0","67.6","1,0","77.1",",,,0","58.1","1,,,0",,,,,,,,,,,,,,
"USC00412011","CORPUS CHRISTI NWS, TX US","27.7793","-97.5055","13.4","2004-12",,,,,"33",",0","2",",0","2",",0","1",",0","2",",0","0",",0","3",",0","0",",0","17",",0","0",",0","25",",0,25,","2",",,0,24,","2.3",",,0,24,","0.25",",,0,24,","86",",0,09,",,,,,"253",",0",,,,,,,,,,,"0.46",",,,0","4.4",",,,0","57.9",",0","68.6",",,,0","47.2",",,,0",,,,,,,,,,,,,,
"USC00412011","CORPUS CHRISTI NWS, TX US","27.7793","-97.5055","13.4","2005-01",,,"66","0","66",",0","7",",0","2",",0","0",",0","0",",0","0",",0","0",",0","0",",0","16",",0","0",",0","37",",0,23,+","0",",,0,31,+","0.0",",,0,31,+","0.40",",,0,28,","81",",0,09,",,,,,"208",",0",,,,,,,,,,,"0.74",",,,0","0.0",",,,0","60.4",",0","69.1",",,,0","51.7",",,,0",,,,,,,,,,,,,,
"USC00412011","CORPUS CHRISTI NWS, TX US","27.7793","-97.5055","13.4","2005-02",,,"134","0","68","1,0","11",",0","3",",0","0",",0","0",",0","0",",0","0",",0","0","1,0","14","1,0","0","1,0","43",",0,03,+","0",",,0,28,+","0.0",",,0,28,+","1.81",",,0,24,","87","1,0,14,",,,,,"139","1,0",,,,,,,,,,,"3.56",",,,0","0.0",",,,0","62.3","1,0","69.1","1,,,0","55.4",",,,0",,,,,,,,,,,,,,
"USC00412011","CORPUS CHRISTI NWS, TX US","27.7793","-97.5055","13.4","2005-03",,,"235","0","101",",0","13",",0","7",",0","0",",0","0",",0","0",",0","0",",0","0",",0","24",",0","1",",0","44",",0,17,","0",",,0,31,+","0.0",",,0,31,+","0.89",",,0,19,","93",",0,13,",,,,,"60",",0",,,,,,,,,,,"2.51",",,,0","0.0",",,,0","66.3",",0","75.5",",,,0","57.1",",,,0",,,,,,,,,,,,,,
"USC00412011","CORPUS CHRISTI NWS, TX US","27.7793","-97.5055","13.4","2005-04",,,"462","0","227",",0","2",",0","1",",0","0",",0","0",",0","0",",0","0",",0","0",",0","30",",0","2",",0","47",",0,02,","0",",,0,30,+","0.0",",,0,30,+","0.13",",,0,25,","93",",0,29,",,,,,"7",",0",,,,,,,,,,,"0.16",",,,0","0.0",",,,0","72.3",",0","81.2",",,,0","63.5",",,,0",,,,,,,,,,,,,,
"USC00412011","CORPUS CHRISTI NWS, TX US","27.7793","-97.5055","13.4","2005-05",,,"850","0","388",",0","6",",0","2",",0","0","1,0","0",",0","0",",0","0",",0","0",",0","31",",0","9",",0","54",",0,01,","0","1,,0,31,+","0.0",",T,0,08,","1.15",",,0,08,","93",",0,31,",,,,,"0",",0",,,,,,,,,,,"2.15",",,,0","0.0",",T,,0","77.5",",0","85.3",",,,0","69.7",",,,0",,,,,,,,,,,,,,
"USC00412011","CORPUS CHRISTI NWS, TX US","27.7793","-97.5055","13.4","2005-06",,,"1393","0","543",",0","6",",0","3",",0","0",",0","0",",0","0",",0","0",",0","0",",0","30",",0","24",",0","66",",0,01,","0",",,0,30,+","0.0",",,0,30,+","0.91",",,0,26,","94",",0,30,+",,,,,"0",",0",,,,,,,,,,,"1.85",",,,0","0.0",",,,0","83.1",",0","90.9",",,,0","75.3",",,,0",,,,,,,,,,,,,,
"USC00412011","CORPUS CHRISTI NWS, TX US","27.7793","-97.5055","13.4","2005-07",,,"2031","0","637",",0","6",",0","2",",0","0",",0","0",",0","0",",0","0",",0","0",",0","31",",0","30",",0","73",",0,15,","0",",,0,31,+","0.0",",,0,31,+","0.83",",,0,15,","100",",0,06,","0","0",,,"0",",0",,,,,,,,,,,"1.76",",,,0","0.0",",,,0","85.6",",0","94.2",",,,0","77.0",",,,0",,,,,,,,,,,,,,
"USC00412011","CORPUS CHRISTI NWS, TX US","27.7793","-97.5055","13.4","2005-08",,,"2709","0","678",",0","4",",0","1",",0","0",",0","0",",0","0",",0","0",",0","0",",0","31",",0","31",",0","73",",0,01,","0",",,0,31,+","0.0",",,0,31,+","0.19",",,0,28,","102",",0,30,","0","0",,,"0",",0",,,,,,,,,,,"0.31",",,,0","0.0",",,,0","86.9",",0","96.0",",,,0","77.7",",,,0",,,,,,,,,,,,,,
"USC00412011","CORPUS CHRISTI NWS, TX US","27.7793","-97.5055","13.4","2005-09",,,"3301","0","592",",0","10",",0","6",",0","0",",0","0",",0","0",",0","0",",0","0",",0","30",",0","25",",0","72",",0,19,+","0",",,0,30,+","0.0",",,0,30,+","1.70",",,0,29,","105",",0,24,","0","0","85",",,,1,5,2","0",",0","88",",,,1,5,2","75",",,,1,5,2","80",",,,1,5,2","82",",,,1,5,2","85",",,,1,5,2","4.73",",,,0","0.0",",,,0","84.7",",0","93.4",",,,0","76.0",",,,0",,,,,,,,,,,,,,
"USC00412011","CORPUS CHRISTI NWS, TX US","27.7793","-97.5055","13.4","2005-10",,,"3612","0","311",",0","8",",0","3",",0","0",",0","0",",0","0",",0","0",",0","0",",0","30",",0","5",",0","46",",0,25,","0",",,0,31,+","0.0",",,0,31,+","1.03",",,0,11,","93",",0,10,","15","0","85","3,,,0,5,2","15",",0","86","2,,,0,5,2","67","3,,,0,5,2","70","2,,,0,5,2","75","3,,,0,5,2","78","2,,,0,5,2","2.62",",,,0","0.0",",,,0","74.6",",0","83.6",",,,0","65.6",",,,0",,,,,,,,,,,,,,
"USC00412011","CORPUS CHRISTI NWS, TX US","27.7793","-97.5055","13.4","2005-11",,,"3775","0","163",",0","4",",0","4",",0","0",",0","0",",0","0",",0","0",",0","0",",0","24",",0","0",",0","42",",0,29,+","0",",,0,30,+","0.0",",,0,30,+","3.60",",,0,26,","88",",0,15,","88","0","76","1,,,0,5,2","74",",0","78","2,,,0,5,2","59","1,,,0,5,2","63","2,,,0,5,2","67","1,,,0,5,2","70","2,,,0,5,2","4.69",",,,0","0.0",",,,0","68.0",",0","78.2",",,,0","57.8",",,,0",,,,,,,,,,,,,,
"USC00412011","CORPUS CHRISTI NWS, TX US","27.7793","-97.5055","13.4","2005-12",,,"3808","0","33",",0","5",",0","2",",0","0",",0","0",",0","0",",0","1",",0","0",",0","15",",0","0",",0","31",",0,08,","0",",,0,31,+","0.0",",,0,31,+","0.35",",,0,04,","85",",0,27,","341","0","67",",,,0,5,2","253",",0","71",",,,0,5,2","53",",,,0,5,2","55",",,,0,5,2","58",",,,0,5,2","62",",,,0,5,2","0.58",",,,0","0.0",",,,0","57.9",",0","68.2",",,,0","47.6",",,,0",,,,,,,,,,,,,,
"USC00412011","CORPUS CHRISTI NWS, TX US","27.7793","-97.5055","13.4","2006-01",,,"51","0","51",",0","5",",0","0",",0","0",",0","0",",0","0",",0","0",",0","0",",0","22",",0","0",",0","35",",0,14,","0",",,0,31,+","0.0",",,0,31,+","0.08",",,0,16,","86",",0,02,","470","0","67",",,,0,5,2","128",",0","69",",,,0,5,2","54",",,,0,5,2","60",",,,0,5,2","60",",,,0,5,2","64",",,,0,5,2","0.24",",,,0","0.0",",,,0","62.5",",0","73.7",",,,0","51.3",",,,0",,,,,,,,,,,,,,
"USC00412011","CORPUS CHRISTI NWS, TX US","27.7793","-97.5055","13.4","2006-02",,,"91","0","40",",0","2",",0","0",",0","0",",0","0",",0","0",",0","1",",0","0",",0","18",",0","2",",0","27",",0,12,","0",",,0,28,+","0.0",",,0,28,+","0.04",",,0,18,","91",",0,03,","644","0","64",",,,0,5,2","174",",0","68",",,,0,5,2","55",",,,0,5,2","55",",,,0,5,2","61",",,,0,5,2","64",",,,0,5,2","0.06",",,,0","0.0",",,,0","60.2",",0","71.6",",,,0","48.8",",,,0",,,,,,,,,,,,,,
"USC00412011","CORPUS CHRISTI NWS, TX US","27.7793","-97.5055","13.4","2006-03",,,"308","0","218",",0","5",",0","1",",0","0",",0","0",",0","0",",0","0",",0","0",",0","27",",0","0",",0","39",",0,24,","0",",,0,31,+","0.0",",,0,31,+","0.18",",,0,28,","89",",0,11,","690","0","73",",,,0,5,2","45",",0","75",",,,0,5,2","61",",,,0,5,2","65",",,,0,5,2","69",",,,0,5,2","71",",,,0,5,2","0.27",",,,0","0.0",",,,0","70.6",",0","78.8",",,,0","62.3",",,,0",,,,,,,,,,,,,,
"USC00412011","CORPUS CHRISTI NWS, TX US","27.7793","-97.5055","13.4","2006-04",,,"661","0","353",",0","2",",0","1",",0","0",",0","0",",0","0",",0","0",",0","0",",0","30",",0","3",",0","56",",0,09,","0",",,0,30,+","0.0",",,0,30,+","0.12",",,0,25,","92",",0,29,","690","0","80","3,,,0,5,2","0",",0","81","3,,,0,5,2","71","3,,,0,5,2","73","3,,,0,5,2","75","3,,,0,5,2","78","3,,,0,5,2","0.14",",,,0","0.0",",,,0","76.8",",0","84.9",",,,0","68.7",",,,0",,,,,,,,,,,,,,
"USC00412011","CORPUS CHRISTI NWS, TX US","27.7793","-97.5055","13.4","2006-05",,,"1140","0","478",",0","6",",0","4",",0","0",",0","0",",0","0",",0","0",",0","0",",0","31",",0","16",",0","61",",0,12,","0",",,0,31,+","0.0",",,0,31,+","3.06",",,0,31,","100",",0,10,","690","0","80",",,,2,5,2","0",",0","84",",,,2,5,2","72",",,,2,5,2","76",",,,2,5,2","78",",,,2,5,2","82",",,,2,5,2","4.38",",,,0","0.0",",,,0","80.4",",0","89.1",",,,0","71.7",",,,0",,,,,,,,,,,,,,
"USC00412011","CORPUS CHRISTI NWS, TX US","27.7793","-97.5055","13.4","2006-06",,,"1664","0","524",",0","6",",0","3",",0","0",",0","0",",0","0",",0","0",",0","0",",0","30",",0","25",",0","67",",0,26,","0",",,0,30,+","0.0",",,0,30,+","8.62",",,0,01,","96",",0,26,+","690","0","84","1,,,0,5,2","0",",0","88","1,,,0,5,2","75","1,,,0,5,2","79","1,,,0,5,2","80","1,,,0,5,2","85","1,,,0,5,2","10.96",",,,0","0.0",",,,0","82.5",",0","90.9",",,,0","74.0",",,,0",,,,,,,,,,,,,,
"USC00412011","CORPUS CHRISTI NWS, TX US","27.7793","-97.5055","13.4","2006-07",,,"2232","0","568","1,0","12",",0","6",",0","0",",0","0",",0","0","1,0","0","1,0","0",",0","31",",0","24",",0","72","1,0,02,","0",",,0,31,+","0.0",",,0,31,+","1.58",",,0,07,","95",",0,23,","0","0","83",",,,0,5,2","0",",0","87",",,,0,5,2","77",",,,0,5,2","80",",,,0,5,2","80",",,,0,5,2","84",",,,0,5,2","5.25",",,,0","0.0",",,,0","83.9","1,0","91.0",",,,0","76.8","1,,,0",,,,,,,,,,,,,,
"USC00412011","CORPUS CHRISTI NWS, TX US","27.7793","-97.5055","13.4","2006-08",,,"2871","0","639",",0","5",",0","4",",0","0",",0","0",",0","0",",0","0",",0","0",",0","31",",0","31",",0","73",",0,31,","0",",,0,31,+","0.0",",,0,31,+","0.41",",,0,08,","96",",0,29,+","0","0","84","3,,,0,5,2","0",",0","89","3,,,0,5,2","79","3,,,0,5,2","84","3,,,0,5,2","82","3,,,0,5,2","86","3,,,0,5,2","1.07",",,,0","0.0",",,,0","85.6",",0","93.5",",,,0","77.8",",,,0",,,,,,,,,,,,,,
"USC00412011","CORPUS CHRISTI NWS, TX US","27.7793","-97.5055","13.4","2006-09",,,"3336","0","464","1,0","10",",0","5",",0","0",",0","0",",0","0","1,0","0","1,0","0",",0","30",",0","17",",0","65","1,0,26,+","0",",,0,30,+","0.0",",,0,30,+","2.74",",,0,18,","95",",0,08,+","0","0","82",",,,0,5,2","0",",0","85",",,,0,5,2","74",",,,0,5,2","77",",,,0,5,2","78",",,,0,5,2","82",",,,0,5,2","7.22",",,,0","0.0",",,,0","81.0","1,0","89.0",",,,0","73.0","1,,,0",,,,,,,,,,,,,,
"USC00412011","CORPUS CHRISTI NWS, TX US","27.7793","-97.5055","13.4","2006-10",,,"3659","0","323","1,0","7",",0","5",",0","0",",0","0",",0","0","1,0","0","1,0","0",",0","30",",0","9",",0","52","1,0,29,+","0",",,0,31,+","0.0",",,0,31,+","1.21",",,0,15,","94",",0,18,","10","0","79","1,,,0,5,2","10",",0","82","1,,,0,5,2","64","1,,,0,5,2","70","1,,,0,5,2","73","1,,,0,5,2","77","1,,,0,5,2","2.17",",,,0","0.0",",,,0","75.5","1,0","84.4",",,,0","66.7","1,,,0",,,,,,,,,,,,,,
"USC00412011","CORPUS CHRISTI NWS, TX US","27.7793","-97.5055","13.4","2006-11",,,"3818","0","159",",0","2",",0","0",",0","0",",0","0",",0","0",",0","0",",0","0",",0","29",",0","0",",0","41",",0,17,+","0",",,0,30,+","0.0",",,0,30,+","0.04",",,0,07,","89",",0,11,","53","0","72",",,,0,5,2","43",",0","75",",,,0,5,2","60",",,,0,5,2","64",",,,0,5,2","67",",,,0,5,2","70",",,,0,5,2","0.05",",,,0","0.0",",,,0","68.9",",0","78.7",",,,0","59.0",",,,0",,,,,,,,,,,,,,
"USC00412011","CORPUS CHRISTI NWS, TX US","27.7793","-97.5055","13.4","2006-12",,,"3870","0","52",",0","10",",0","4",",0","0",",0","0",",0","0",",0","0",",0","0",",0","15",",0","0",",0","33",",0,26,","0",",,0,31,+","0.0",",,0,31,+","0.85",",,0,24,","81",",0,18,","307","0",,,"253",",0",,,,,,,,,,,"1.85",",,,0","0.0",",,,0","58.5",",0","67.4",",,,0","49.6",",,,0",,,,,,,,,,,,,,
"USC00411651","CHAPMAN RANCH, TX US","27.58917","-97.45472","7.6","2000-01",,,"22","0","22","5,0","2",",0","2",",0","0","5,0","0","1,0","0","3,0","1","3,0","0","5,0","18","5,0","0","5,0","30","3,0,05,","0","5,,0,31,+","0.0","1,,0,31,+","0.85",",,0,27,","85","5,0,03,",,,,,"133","5,0",,,,,,,,,,,"1.10",",,,0","0.0","1,,,0","60.7","5,0","73.6","5,,,0","47.9","3,,,0",,,,,,,,,,,,,,
"USC00411651","CHAPMAN RANCH, TX US","27.58917","-97.45472","7.6","2000-02",,,"142","0","121",",0","3",",0","2",",0","0","2,0","0",",0","0",",0","0",",0","0",",0","25",",0","0",",0","38",",0,05,","0","2,,0,29,+","0.0",",,0,29,+","0.60",",,0,02,","85",",0,11,+",,,,,"60",",0",,,,,,,,,,,"0.77",",,,0","0.0",",,,0","67.1",",0","78.1",",,,0","56.1",",,,0",,,,,,,,,,,,,,
"USC00411651","CHAPMAN RANCH, TX US","27.58917","-97.45472","7.6","2000-03",,,,,,,,,,,"0",",0","0",",0",,,,,,,,,,,,,"0",",,0,31,+","0.0",",,0,31,+",,,,,,,,,,,,,,,,,,,,,,,"0.0",",,,0",,,,,,,,,,,,,,,,,,,,
"USC00411651","CHAPMAN RANCH, TX US","27.58917","-97.45472","7.6","2000-04",,,,,,,"0",",0","0",",0","0",",0","0",",0",,,,,,,,,,,,,"0",",,0,30,+","0.0",",,0,30,+","0.00",",,0,30,+",,,,,,,,,,,,,,,,,,,"0.00",",,,0","0.0",",,,0",,,,,,,,,,,,,,,,,,,,
"USC00411651","CHAPMAN RANCH, TX US","27.58917","-97.45472","7.6","2000-05",,,,,"475","1,0","4",",0","4",",0","0",",0","0",",0","0","1,0","0","1,0","0",",0","31",",0","17",",0","67","1,0,02,","0",",,0,31,+","0.0",",,0,31,+","1.10",",,0,20,","92",",0,29,+",,,,,"0",",0",,,,,,,,,,,"2.87",",,,0","0.0",",,,0","80.8","1,0","89.1",",,,0","72.6","1,,,0",,,,,,,,,,,,,,
"USC00411651","CHAPMAN RANCH, TX US","27.58917","-97.45472","7.6","2000-06",,,,,,,"3","4,0","3","4,0","0",",0","0",",0",,,,,,,,,,,,,"0",",,0,30,+","0.0",",,0,30,+","0.60","4,,0,10,",,,,,,,,,,,,,,,,,,,"0.95","4,,,0","0.0",",,,0",,,,,,,,,,,,,,,,,,,,
"USC00411651","CHAPMAN RANCH, TX US","27.58917","-97.45472","7.6","2000-07",,,,,"626",",0","0",",0","0",",0","0",",0","0",",0","0",",0","0",",0","0",",0","31",",0","31",",0","71",",0,13,","0",",,0,31,+","0.0",",,0,31,+","0.00",",,0,31,+","101",",0,15,","0","0",,,"0",",0",,,,,,,,,,,"0.00",",,,0","0.0",",,,0","85.2",",0","96.1",",,,0","74.3",",,,0",,,,,,,,,,,,,,
"USC00411651","CHAPMAN RANCH, TX US","27.58917","-97.45472","7.6","2000-08",,,,,"627",",0","3",",0","3",",0","0",",0","0",",0","0",",0","0",",0","0",",0","31",",0","31",",0","72",",0,19,+","0",",,0,31,+","0.0",",,0,31,+","0.87",",,0,15,","102",",0,31,","0","0",,,"0",",0",,,,,,,,,,,"1.21",",,,0","0.0",",,,0","85.2",",0","96.4",",,,0","74.0",",,,0",,,,,,,,,,,,,,
"USC00411651","CHAPMAN RANCH, TX US","27.58917","-97.45472","7.6","2000-09",,,,,"543","1,0","2",",0","1",",0","0",",0","0",",0","0","1,0","0","1,0","0","1,0","29","1,0","25","1,0","55","1,0,26,","0",",,0,30,+","0.0",",,0,30,+","0.42",",,0,09,","109","1,0,05,","0","0",,,"0","1,0",,,,,,,,,,,"0.44",",,,0","0.0",",,,0","83.7","1,0","95.3","1,,,0","72.1","1,,,0",,,,,,,,,,,,,,
"USC00411651","CHAPMAN RANCH, TX US","27.58917","-97.45472","7.6","2000-10",,,,,"335","4,0","6",",0","5",",0","0",",0","0",",0","0","1,0","0","1,0","0","4,0","26","4,0","6","4,0","44","1,0,10,+","0",",,0,31,+","0.0",",,0,31,+","0.44",",,0,07,","95","4,0,06,+","3","0",,,"3","4,0",,,,,,,,,,,"1.83",",,,0","0.0",",,,0","76.2","4,0","87.2","4,,,0","65.1","1,,,0",,,,,,,,,,,,,,
"USC00411651","CHAPMAN RANCH, TX US","27.58917","-97.45472","7.6","2000-11",,,,,"119","1,0","8",",0","8",",0","0",",0","0",",0","0",",0","0",",0","0","1,0","21","1,0","1","1,0","39",",0,09,","0",",,0,30,+","0.0",",,0,30,+","2.25",",,0,04,","90","1,0,02,","129","0",,,"126","1,0",,,,,,,,,,,"5.00",",,,0","0.0",",,,0","64.7","1,0","74.6","1,,,0","54.8",",,,0",,,,,,,,,,,,,,
"USC00411651","CHAPMAN RANCH, TX US","27.58917","-97.45472","7.6","2000-12",,,,,"15","5,0","4",",0","4",",0","0",",0","0","2,0","0","5,0","2","5,0","0","5,0","11","5,0","0","5,0","30","5,0,19,","0",",,0,31,+","0.0","2,,0,31,+","0.13",",,0,31,+","82","5,0,11,","390","0",,,"261","5,0",,,,,,,,,,,"0.48",",,,0","0.0","2,,,0","55.5","5,0","65.9","5,,,0","45.2","5,,,0",,,,,,,,,,,,,,
"USC00411651","CHAPMAN RANCH, TX US","27.58917","-97.45472","7.6","2001-01",,,"9","0","9",",0","5",",0","5",",0","0",",0","0",",0","0",",0","1",",0","0",",0","11",",0","0",",0","25",",0,04,","0",",,0,31,+","0.0",",,0,31,+","0.52",",,0,17,","83",",0,30,","686","0",,,"296",",0",,,,,,,,,,,"1.40",",,,0","0.0",",,,0","55.7",",0","65.9",",,,0","45.6",",,,0",,,,,,,,,,,,,,
"USC00411651","CHAPMAN RANCH, TX US","27.58917","-97.45472","7.6","2001-02",,,"103","0","94","2,0","2",",0","2",",0","0",",0","0",",0","0","1,0","0","1,0","0","2,0","21","2,0","0","2,0","37","1,0,18,","0",",,0,28,+","0.0",",,0,28,+","0.15",",,0,15,","84","2,0,24,","792","0",,,"106","2,0",,,,,,,,,,,"0.28",",,,0","0.0",",,,0","64.6","2,0","74.3","2,,,0","55.0","1,,,0",,,,,,,,,,,,,,
"USC00411651","CHAPMAN RANCH, TX US","27.58917","-97.45472","7.6","2001-03",,,"130","0","27","4,0","7",",0","7",",0","0",",0","0",",0","0","3,0","0","3,0","0","4,0","21","4,0","0","4,0","39","3,0,20,","0",",,0,31,+","0.0",",,0,31,+","3.20",",,0,28,","86","4,0,11,","886","0",,,"94","4,0",,,,,,,,,,,"4.92",",,,0","0.0",",,,0","62.5","4,0","73.9","4,,,0","51.1","3,,,0",,,,,,,,,,,,,,
"USC00411651","CHAPMAN RANCH, TX US","27.58917","-97.45472","7.6","2001-04",,,"398","0","268","4,0","1",",0","1",",0","0",",0","0",",0","0","4,0","0","4,0","0","4,0","26","4,0","0","4,0","52","4,0,18,","0",",,0,30,+","0.0",",,0,30,+","0.26",",,0,17,","89","4,0,14,","889","0",,,"3","4,0",,,,,,,,,,,"0.26",",,,0","0.0",",,,0","75.2","4,0","83.6","4,,,0","66.8","4,,,0",,,,,,,,,,,,,,
"USC00411651","CHAPMAN RANCH, TX US","27.58917","-97.45472","7.6","2001-05",,,"782","0","384","3,0","4",",0","4",",0",,,"0","2,0","0","3,0","0","3,0","0","3,0","28","3,0","11","3,0","60","3,0,01,",,,"0.0","2,,0,31,+","1.35",",,0,07,","93","3,0,30,+","889","0",,,"0","3,0",,,,,,,,,,,"2.97",",,,0","0.0","2,,,0","78.7","3,0","88.1","3,,,0","69.3","3,,,0",,,,,,,,,,,,,,
"USC00411651","CHAPMAN RANCH, TX US","27.58917","-97.45472","7.6","2001-06",,,"1260","0","479","5,0","2",",0","2",",0","0",",0","0",",0","0","5,0","0","5,0","0","5,0","25","5,0","25","5,0","69","5,0,18,+","0",",,0,30,+","0.0",",,0,30,+","0.31",",,0,09,","97","5,0,27,+","889","0",,,"0","5,0",,,,,,,,,,,"0.56",",,,0","0.0",",,,0","84.1","5,0","94.6","5,,,0","73.7","5,,,0",,,,,,,,,,,,,,
"USC00411651","CHAPMAN RANCH, TX US","27.58917","-97.45472","7.6","2001-07",,,"1861","0","601","1,0","4",",0","4",",0",,,"0","1,0","0","1,0","0","1,0","0","1,0","30","1,0","28","1,0","69","1,0,01,",,,"0.0","1,,0,31,+","1.98",",,0,03,","97","1,0,31,+","0","0",,,"0","1,0",,,,,,,,,,,"3.75",",,,0","0.0","1,,,0","85.0","1,0","95.0","1,,,0","75.1","1,,,0",,,,,,,,,,,,,,
"USC00411651","CHAPMAN RANCH, TX US","27.58917","-97.45472","7.6","2001-08",,,"2454","0","592","2,0","8",",0","8",",0","0",",0","0",",0","0","2,0","0","2,0","0",",0","31",",0","29",",0","70","2,0,04,","0",",,0,31,+","0.0",",,0,31,+","2.72",",,0,28,","99",",0,17,+","0","0",,,"0",",0",,,,,,,,,,,"5.73",",,,0","0.0",",,,0","85.5","2,0","95.5",",,,0","75.5","2,,,0",,,,,,,,,,,,,,
"USC00411651","CHAPMAN RANCH, TX US","27.58917","-97.45472","7.6","2001-09",,,"2880","0","426","2,0","6",",0","5",",0","0",",0","0","1,0","0","1,0","0","1,0","0","1,0","29","1,0","17","1,0","61","1,0,28,+","0",",,0,30,+","0.0","1,,0,30,+","2.10",",,0,04,","95","1,0,19,","0","0",,,"0","1,0",,,,,,,,,,,"3.61",",,,0","0.0","1,,,0","80.2","2,0","89.2","1,,,0","71.3","1,,,0",,,,,,,,,,,,,,
"USC00411651","CHAPMAN RANCH, TX US","27.58917","-97.45472","7.6","2001-10",,,"3188","0","308",",0","2",",0","2",",0","0",",0","0",",0","0",",0","0",",0","0",",0","31",",0","5",",0","51",",0,17,","0",",,0,31,+","0.0",",,0,31,+","1.55",",,0,12,","98",",0,10,","1","0",,,"1",",0",,,,,,,,,,,"2.62",",,,0","0.0",",,,0","74.9",",0","85.4",",,,0","64.4",",,,0",,,,,,,,,,,,,,
"USC00411651","CHAPMAN RANCH, TX US","27.58917","-97.45472","7.6","2001-11",,,"3328","0","139","4,0","6","1,0","5","1,0","0",",0","0",",0","0","4,0","0","4,0","0","3,0","24","3,0","0","3,0","36","4,0,29,","0",",,0,30,+","0.0",",,0,30,+","5.36","1,,0,16,","87","3,0,02,","58","0",,,"56","3,0",,,,,,,,,,,"6.32","1,,,0","0.0",",,,0","68.2","4,0","78.5","3,,,0","57.8","4,,,0",,,,,,,,,,,,,,
"USC00411651","CHAPMAN RANCH, TX US","27.58917","-97.45472","7.6","2001-12",,,"3379","0","51","1,0","5",",0","4",",0","0",",0","0",",0","0","1,0","0","1,0","0",",0","20",",0","0",",0","33","1,0,26,","0",",,0,31,+","0.0",",,0,31,+","0.40",",,0,08,","82",",0,07,+","224","0",,,"166",",0",,,,,,,,,,,"0.86",",,,0","0.0",",,,0","61.2","1,0","71.3",",,,0","51.0","1,,,0",,,,,,,,,,,,,,
"USC00411651","CHAPMAN RANCH, TX US","27.58917","-97.45472","7.6","2002-01",,,"68",,"68",",0","1",",0","0",",0","0",",0","0",",0","0",",0","2",",0","0",",0","20",",0","0",",0","27",",0,03,","0",",,0,31,+","0.0",",,0,31,+","0.05",",,0,04,","86",",0,31,","417",,,,"193",",0",,,,,,,,,,,"0.05",",,,0","0.0",",,,0","61.0",",0","71.3",",,,0","50.6",",,,0",,,,,,,,,,,,,,
"USC00411651","CHAPMAN RANCH, TX US","27.58917","-97.45472","7.6","2002-02",,,"81",,"13","1,0","2",",0","2",",0","0",",0","0",",0","0",",0","2",",0","0","1,0","12","1,0","0","1,0","24",",0,27,","0",",,0,28,+","0.0",",,0,28,+","0.37",",,0,01,","82","1,0,21,","653",,,,"236","1,0",,,,,,,,,,,"0.58",",,,0","0.0",",,,0","56.7","1,0","68.4","1,,,0","44.9",",,,0",,,,,,,,,,,,,,
"USC00411651","CHAPMAN RANCH, TX US","27.58917","-97.45472","7.6","2002-05",,,,,,,,,,,"0",",0","0",",0",,,,,,,,,,,,,"0",",,0,31,+","0.0",",,0,31,+",,,,,,,,,,,,,,,,,,,,,,,"0.0",",,,0",,,,,,,,,,,,,,,,,,,,
"USC00411651","CHAPMAN RANCH, TX US","27.58917","-97.45472","7.6","2002-06",,,,,,,,,,,"0",",0","0",",0",,,,,,,,,,,,,"0",",,0,30,+","0.0",",,0,30,+",,,,,,,,,,,,,,,,,,,,,,,"0.0",",,,0",,,,,,,,,,,,,,,,,,,,
"USC00411651","CHAPMAN RANCH, TX US","27.58917","-97.45472","7.6","2002-07",,,,,,,,,,,"0",",0","0",",0",,,,,,,,,,,,,"0",",,0,31,+","0.0",",,0,31,+",,,,,,,,,,,,,,,,,,,,,,,"0.0",",,,0",,,,,,,,,,,,,,,,,,,,
"USC00411651","CHAPMAN RANCH, TX US","27.58917","-97.45472","7.6","2002-08",,,,,,,,,,,"0",",0","0",",0",,,,,,,,,,,,,"0",",,0,31,+","0.0",",,0,31,+",,,,,,,,,,,,,,,,,,,,,,,"0.0",",,,0",,,,,,,,,,,,,,,,,,,,
"USC00411651","CHAPMAN RANCH, TX US","27.58917","-97.45472","7.6","2002-09",,,,,,,,,,,"0",",0","0",",0",,,,,,,,,,,,,"0",",,0,30,+","0.0",",,0,30,+",,,,,,,,,,,,,,,,,,,,,,,"0.0",",,,0",,,,,,,,,,,,,,,,,,,,
"USC00411651","CHAPMAN RANCH, TX US","27.58917","-97.45472","7.6","2003-01",,,,,,,"0",",0","0",",0","0",",0","0",",0",,,,,,,,,,,,,"0",",,0,31,+","0.0",",,0,31,+","0.00",",,0,31,+",,,,,,,,,,,,,,,,,,,"0.00",",,,0","0.0",",,,0",,,,,,,,,,,,,,,,,,,,
"USC00411651","CHAPMAN RANCH, TX US","27.58917","-97.45472","7.6","2003-02",,,,,,,"0",",0","0",",0","0",",0","0",",0",,,,,,,,,,,,,"0",",,0,28,+","0.0",",,0,28,+","0.00",",,0,28,+",,,,,,,,,,,,,,,,,,,"0.00",",,,0","0.0",",,,0",,,,,,,,,,,,,,,,,,,,
"USC00411651","CHAPMAN RANCH, TX US","27.58917","-97.45472","7.6","2003-04",,,,,,,"0",",0","0",",0","0",",0","0",",0",,,,,,,,,,,,,"0",",,0,30,+","0.0",",,0,30,+","0.00",",,0,30,+",,,,,,,,,,,,,,,,,,,"0.00",",,,0","0.0",",,,0",,,,,,,,,,,,,,,,,,,,
"USC00412013","C C BOTANICAL GARDENS, TX US","27.6606","-97.3983","4.9","2003-10",,,,,,,"7","2,0","6","2,0","0",",0","0",",0",,,,,,,,,,,,,"0",",,0,31,+","0.0",",,0,31,+","1.24","2,,0,07,",,,,,,,,,,,,,,,,,,,"4.40","2,,,0","0.0",",,,0",,,,,,,,,,,,,,,,,,,,
"USC00412013","C C BOTANICAL GARDENS, TX US","27.6606","-97.3983","4.9","2003-11",,,,,,,"3","1,0","2","1,0","0",",0","0",",0","0","4,0","0","4,0","0","5,0","24","5,0","3","5,0","48","4,0,20,","0",",,0,30,+","0.0",",,0,30,+","0.25","1,,0,09,","95","5,0,23,",,,,,,,,,,,,,,,,,"0.42","1,,,0","0.0",",,,0","74.3","7,0","83.5","5,,,0","65.2","4,,,0",,,,,,,,,,,,,,
"USC00412013","C C BOTANICAL GARDENS, TX US","27.6606","-97.3983","4.9","2003-12",,,,,"29","2,0","1",",0","0",",0","0",",0","0",",0","0","2,0","1","2,0","0","2,0","21","2,0","0","2,0","29","2,0,17,","0",",,0,31,+","0.0",",,0,31,+","0.05",",,0,12,","79","2,0,27,+",,,,,"148","2,0",,,,,,,,,,,"0.05",",,,0","0.0",",,,0","60.9","2,0","72.4","2,,,0","49.4","2,,,0",,,,,,,,,,,,,,
"USC00412013","C C BOTANICAL GARDENS, TX US","27.6606","-97.3983","4.9","2004-01",,,"28","0","28","4,0","10","2,0","7","2,0","0",",0","0","1,0","0","4,0","0","4,0","0","4,0","12","4,0","0","4,0","39","4,0,20,+","0",",,0,31,+","0.0","1,,0,31,+","0.76","2,,0,16,","81","4,0,27,",,,,,"166","4,0",,,,,,,,,,,"2.05",",a,,0","0.0","1,,,0","59.9","4,0","67.7","4,,,0","52.1","4,,,0",,,,,,,,,,,,,,
"USC00412013","C C BOTANICAL GARDENS, TX US","27.6606","-97.3983","4.9","2004-02",,,"43","0","15","3,0","8","4,0","7","4,0","0",",0","0",",0","0","3,0","0","3,0","0","3,0","12","3,0","0","3,0","35","3,0,15,","0",",,0,29,+","0.0",",,0,29,+","0.87","4,,0,25,","80","3,0,21,",,,,,"163","3,0",,,,,,,,,,,"3.30",",a,,0","0.0",",,,0","59.3","3,0","69.5","3,,,0","49.1","3,,,0",,,,,,,,,,,,,,
"USC00412013","C C BOTANICAL GARDENS, TX US","27.6606","-97.3983","4.9","2004-03",,,"189","0","147","4,0",,,,,"0",",0","0",",0","0","4,0","0","4,0","0","4,0","27","4,0","0","4,0","51","4,0,10,+","0",",,0,31,+","0.0",",,0,31,+",,,"85","4,0,31,+",,,,,"0","4,0",,,,,,,,,,,"2.46",",a,,0","0.0",",,,0","70.4","4,0","79.0","4,,,0","61.9","4,,,0",,,,,,,,,,,,,,
"USC00412013","C C BOTANICAL GARDENS, TX US","27.6606","-97.3983","4.9","2004-04",,,,,,,,,,,"0",",0","0",",0",,,,,,,,,,,,,"0",",,0,30,+","0.0",",,0,30,+",,,,,,,,,,,,,,,,,,,,,"4.02","3,a,,0","0.0",",,,0",,,,,,,,,,,,,,,,,,,,
"USC00412013","C C BOTANICAL GARDENS, TX US","27.6606","-97.3983","4.9","2004-05",,,,,,,"6","3,0","5","3,0","0",",0","0",",0",,,,,,,,,,,,,"0",",,0,31,+","0.0",",,0,31,+","3.45","3,,0,14,",,,,,,,,,,,,,,,,,,,"7.59","1,a,,0","0.0",",,,0",,,,,,,,,,,,,,,,,,,,
"USC00412013","C C BOTANICAL GARDENS, TX US","27.6606","-97.3983","4.9","2004-06",,,,,"495",",0","13",",0","9",",0","0","4,0","0",",0","0",",0","0",",0","0",",0","30",",0","14",",0","69",",0,30,+","0","4,,0,30,+","0.0",",,0,30,+","2.50",",,0,26,","97",",0,08,",,,,,"0",",0",,,,,,,,,,,"5.29",",,,0","0.0",",,,0","81.5",",0","89.7",",,,0","73.3",",,,0",,,,,,,,,,,,,,
"USC00412013","C C BOTANICAL GARDENS, TX US","27.6606","-97.3983","4.9","2004-07",,,,,"454","4,0","3",",0","3",",0","0",",0","0",",0","0","4,0","0","4,0","0","4,0","27","4,0","20","4,0","69","4,0,05,+","0",",,0,31,+","0.0",",,0,31,+","0.61",",,0,11,","95","4,0,20,","0","0",,,"0","4,0",,,,,,,,,,,"0.86",",,,0","0.0",",,,0","81.8","4,0","90.5","4,,,0","73.1","4,,,0",,,,,,,,,,,,,,
"USC00412013","C C BOTANICAL GARDENS, TX US","27.6606","-97.3983","4.9","2004-08",,,,,,,"2",",0","2",",0","0",",0","0",",0",,,,,,,,,,,,,"0",",,0,31,+","0.0",",,0,31,+","1.03",",,0,12,",,,,,,,,,,,,,,,,,,,"1.24",",,,0","0.0",",,,0",,,,,,,,,,,,,,,,,,,,
"USC00412013","C C BOTANICAL GARDENS, TX US","27.6606","-97.3983","4.9","2004-09",,,,,"477","1,0","14",",0","10",",0","0",",0","0",",0","0","1,0","0","1,0","0",",0","30",",0","27",",0","68","1,0,30,+","0",",,0,30,+","0.0",",,0,30,+","0.89",",,0,03,+","93",",0,19,+",,,"90","4,,,0,3,2","0",",0","99","5,,,0,3,2","85","4,,,0,3,2","88","5,,,0,3,2","87","4,,,0,3,2","92","5,,,0,3,2","5.00",",,,0","0.0",",,,0","81.4","1,0","91.5",",,,0","71.3","1,,,0",,,,,,,,,,,,,,
"USC00412013","C C BOTANICAL GARDENS, TX US","27.6606","-97.3983","4.9","2004-10",,,,,"451","2,0","4",",0","4",",0","0",",0","0",",0","0","1,0","0","1,0","0","1,0","30","1,0","21","1,0","59","1,0,15,","0",",,0,31,+","0.0",",,0,31,+","0.75",",,0,14,","93","1,0,31,+",,,,,"0","1,0",,,,,,,,,,,"1.78",",,,0","0.0",",,,0","80.4","2,0","90.5","1,,,0","70.3","1,,,0",,,,,,,,,,,,,,
"USC00412013","C C BOTANICAL GARDENS, TX US","27.6606","-97.3983","4.9","2004-11",,,,,,,"5",",0","5",",0","0",",0","0",",0","0","5,0","0","5,0",,,,,,,"45","5,0,28,+","0",",,0,30,+","0.0",",,0,30,+","2.31",",,0,14,",,,,,,,,,,,,,,,,,,,"5.85",",,,0","0.0",",,,0",,,,,"56.6","5,,,0",,,,,,,,,,,,,,
"USC00412013","C C BOTANICAL GARDENS, TX US","27.6606","-97.3983","4.9","2004-12",,,,,,,"2","1,0","1","1,0","0","2,0","0","1,0",,,,,,,,,,,,,"0","2,,0,31,+","0.0","1,,0,31,+","0.10","1,,0,04,",,,,,,,,,,,,,,,,,,,"0.15","1,,,0","0.0","1,,,0",,,,,,,,,,,,,,,,,,,,
"USC00412013","C C BOTANICAL GARDENS, TX US","27.6606","-97.3983","4.9","2005-01",,,,,,,,,,,"0",",0","0",",0",,,,,,,,,,,,,"0",",,0,31,+","0.0",",,0,31,+",,,,,,,,,,,,,,,,,,,,,,,"0.0",",,,0",,,,,,,,,,,,,,,,,,,,
"USC00412013","C C BOTANICAL GARDENS, TX US","27.6606","-97.3983","4.9","2005-02",,,,,"58","1,0","12",",0","7",",0","0",",0","0",",0","0","1,0","0","1,0","0",",0","15",",0","0",",0","42","1,0,03,+","0",",,0,28,+","0.0",",,0,28,+","0.97",",,0,27,","87",",0,15,+",,,,,"108",",0",,,,,,,,,,,"3.45",",,,0","0.0",",,,0","62.8","1,0","71.6",",,,0","54.0","1,,,0",,,,,,,,,,,,,,
"USC00412013","C C BOTANICAL GARDENS, TX US","27.6606","-97.3983","4.9","2005-03",,,,,"111","1,0","12",",0","4",",0","0",",0","0",",0","0",",0","0",",0","0","1,0","26","1,0","1","1,0","44",",0,17,","0",",,0,31,+","0.0",",,0,31,+","2.00",",,0,20,","92","1,0,15,",,,"75","5,,,0,3,2","44","1,0","78","5,,,0,3,2","65","5,,,0,3,2","69","5,,,0,3,2","69","5,,,0,3,2","73","5,,,0,3,2","3.00",",,,0","0.0",",,,0","67.2","1,0","77.6","1,,,0","56.7",",,,0",,,,,,,,,,,,,,
"USC00412013","C C BOTANICAL GARDENS, TX US","27.6606","-97.3983","4.9","2005-04",,,,,,,"1",",0","1",",0","0",",0","0",",0",,,,,"0","4,0","26","4,0","1","4,0",,,"0",",,0,30,+","0.0",",,0,30,+","0.23",",,0,25,","92","4,0,13,",,,,,,,,,,,,,,,,,"0.23",",,,0","0.0",",,,0",,,"81.4","4,,,0",,,,,,,,,,,,,,,,
"USC00412013","C C BOTANICAL GARDENS, TX US","27.6606","-97.3983","4.9","2005-05",,,,,,,"3",",0","3",",0","0",",0","0",",0",,,,,"0","3,0","28","3,0","4","3,0",,,"0",",,0,31,+","0.0",",,0,31,+","0.90",",,0,10,","91","3,0,31,+",,,,,,,,,,,,,,,,,"1.89",",,,0","0.0",",,,0",,,"84.5","3,,,0",,,,,,,,,,,,,,,,
"USC00412013","C C BOTANICAL GARDENS, TX US","27.6606","-97.3983","4.9","2005-06",,,,,"492","2,0","2",",0","1",",0","0",",0","0",",0","0","2,0","0","2,0","0",",0","30",",0","26",",0","66","2,0,02,+","0",",,0,30,+","0.0",",,0,30,+","1.10",",,0,01,","94",",0,02,+",,,,,"0",",0",,,,,,,,,,,"1.15",",,,0","0.0",",,,0","82.6","2,0","91.1",",,,0","74.0","2,,,0",,,,,,,,,,,,,,
"USC00412013","C C BOTANICAL GARDENS, TX US","27.6606","-97.3983","4.9","2005-07",,,,,"604",",0","6",",0","6",",0","0",",0","0",",0","0",",0","0",",0","0",",0","31",",0","29",",0","73",",0,31,+","0",",,0,31,+","0.0",",,0,31,+","0.88",",,0,16,","99",",0,10,+","0","0",,,"0",",0",,,,,,,,,,,"3.02",",,,0","0.0",",,,0","84.5",",0","93.7",",,,0","75.3",",,,0",,,,,,,,,,,,,,
"USC00412013","C C BOTANICAL GARDENS, TX US","27.6606","-97.3983","4.9","2005-08",,,,,"575","2,0","2","1,0","2","1,0","0",",0","0",",0","0","1,0","0","1,0","0","2,0","29","2,0","29","2,0","71","1,0,03,","0",",,0,31,+","0.0",",,0,31,+","0.60","1,,0,25,","102","2,0,31,","0","0",,,"0","2,0",,,,,,,,,,,"1.19","1,,,0","0.0",",,,0","84.9","2,0","95.5","2,,,0","74.3","1,,,0",,,,,,,,,,,,,,
"USC00412013","C C BOTANICAL GARDENS, TX US","27.6606","-97.3983","4.9","2005-09",,,,,"473","4,0","9","4,0","8","4,0","0","1,0","0","2,0","0","3,0","0","3,0","0","3,0","27","3,0","25","3,0","66","3,0,27,+","0","1,,0,30,+","0.0","2,,0,30,+","1.50","4,,0,09,","102","3,0,02,+","0","0","90","5,,,0,3,2","0","3,0","98","5,,,0,3,2","79","5,,,0,3,2","83","5,,,0,3,2","83","5,,,0,3,2","89","5,,,0,3,2","6.30",",a,,0","0.0","2,,,0","83.5","4,0","93.8","3,,,0","73.2","3,,,0",,,,,,,,,,,,,,
"USC00412013","C C BOTANICAL GARDENS, TX US","27.6606","-97.3983","4.9","2005-10",,,,,"304","4,0","5","2,0","5","2,0","0",",0","0",",0","0","3,0","0","3,0","0","4,0","27","4,0","7","4,0","48","3,0,25,","0",",,0,31,+","0.0",",,0,31,+","4.10","2,,0,12,","97","4,0,02,+","4","0",,,"4","4,0",,,,,,,,,,,"5.50",",a,,0","0.0",",,,0","75.9","4,0","85.7","4,,,0","66.0","3,,,0",,,,,,,,,,,,,,
"USC00412013","C C BOTANICAL GARDENS, TX US","27.6606","-97.3983","4.9","2005-11",,,,,"137","5,0",,,,,"0",",0","0",",0","0","5,0","0","5,0","0","5,0","21","5,0","0","5,0","39","5,0,29,","0",",,0,30,+","0.0",",,0,30,+",,,"87","5,0,15,+","56","0","75","5,,,0,3,2","52","5,0","79","5,,,0,3,2","60","5,,,0,3,2","66","5,,,0,3,2","67","5,,,0,3,2","72","5,,,0,3,2","3.40","4,a,,0","0.0",",,,0","68.4","5,0","80.1","5,,,0","56.7","5,,,0",,,,,,,,,,,,,,
"USC00412013","C C BOTANICAL GARDENS, TX US","27.6606","-97.3983","4.9","2005-12",,,,,,,,,,,"0",",0","0",",0",,,,,,,,,,,,,"0",",,0,31,+","0.0",",,0,31,+",,,,,,,,,,,,,,,,,,,,,"2.22","5,a,,0","0.0",",,,0",,,,,,,,,,,,,,,,,,,,
"USC00412013","C C BOTANICAL GARDENS, TX US","27.6606","-97.3983","4.9","2006-01",,,"25","0","25","1,0","4","1,0","3","1,0","0",",0","0",",0","0","1,0","0","1,0","0","1,0","24","1,0","0","1,0","34","1,0,14,","0",",,0,31,+","0.0",",,0,31,+","0.30","1,,0,01,","85","1,0,03,",,,"66","4,,,0,3,2","117","1,0","69","4,,,0,3,2","55","4,,,0,3,2","62","4,,,0,3,2","60","4,,,0,3,2","66","4,,,0,3,2","0.73","1,,,0","0.0",",,,0","61.9","1,0","75.0","1,,,0","48.8","1,,,0",,,,,,,,,,,,,,
"USC00412013","C C BOTANICAL GARDENS, TX US","27.6606","-97.3983","4.9","2006-02",,,"56","0","31","2,0","2",",0","0",",0","0",",0","0",",0","0","2,0","1","2,0","0",",0","21",",0","2",",0","26","2,0,12,","0",",,0,28,+","0.0",",,0,28,+","0.04",",,0,19,","92",",0,04,",,,"68","5,,,0,3,2","152",",0","71","5,,,0,3,2","55","5,,,0,3,2","62","5,,,0,3,2","62","5,,,0,3,2","67","5,,,0,3,2","0.05",",,,0","0.0",",,,0","60.3","2,0","73.8",",,,0","46.9","2,,,0",,,,,,,,,,,,,,
"USC00412013","C C BOTANICAL GARDENS, TX US","27.6606","-97.3983","4.9","2006-03",,,"296","0","240",",0","2",",0","1",",0","0",",0","0",",0","0",",0","0",",0","0",",0","28",",0","5",",0","39",",0,25,","0",",,0,31,+","0.0",",,0,31,+","0.15",",,0,29,","92",",0,12,",,,,,"40",",0",,,,,,,,,,,"0.21",",,,0","0.0",",,,0","71.5",",0","81.0",",,,0","62.0",",,,0",,,,,,,,,,,,,,
"USC00412013","C C BOTANICAL GARDENS, TX US","27.6606","-97.3983","4.9","2006-04",,,,,,,"0","2,0","0","2,0","0",",0","0",",0",,,,,,,,,,,,,"0",",,0,30,+","0.0",",,0,30,+","0.00","2,,0,30,+",,,,,,,,,,,,,,,,,,,"0.00","2,,,0","0.0",",,,0",,,,,,,,,,,,,,,,,,,,
"USC00412013","C C BOTANICAL GARDENS, TX US","27.6606","-97.3983","4.9","2006-05",,,,,"434","3,0","3","2,0","3","2,0","0",",0","0",",0","0","3,0","0","3,0","0","3,0","28","3,0","16","3,0","58","3,0,12,","0",",,0,31,+","0.0",",,0,31,+","1.92","2,,0,30,","97","3,0,11,+",,,,,"0","3,0",,,,,,,,,,,"3.32","2,,,0","0.0",",,,0","80.5","3,0","90.8","3,,,0","70.2","3,,,0",,,,,,,,,,,,,,
"USC00412013","C C BOTANICAL GARDENS, TX US","27.6606","-97.3983","4.9","2006-06",,,,,"488",",0","5","1,0","4","1,0","0",",0","0",",0","0",",0","0",",0","0",",0","30",",0","20",",0","69",",0,14,+","0",",,0,30,+","0.0",",,0,30,+","1.15","1,,0,01,","95",",0,27,+",,,"85","3,,,0,3,2","0",",0","91","3,,,0,3,2","77","3,,,0,3,2","83","3,,,0,3,2","82","3,,,0,3,2","89","3,,,0,3,2","2.04","1,,,0","0.0",",,,0","81.3",",0","90.0",",,,0","72.5",",,,0",,,,,,,,,,,,,,
"USC00412013","C C BOTANICAL GARDENS, TX US","27.6606","-97.3983","4.9","2006-07",,,,,"564",",0","7",",0","7",",0","0",",0","0",",0","0",",0","0",",0","0",",0","31",",0","25",",0","71",",0,01,","0",",,0,31,+","0.0",",,0,31,+","1.55",",,0,06,","94",",0,23,","0","0","85","4,,,0,3,2","0",",0","92","4,,,0,3,2","81","4,,,0,3,2","85","4,,,0,3,2","84","4,,,0,3,2","89","4,,,0,3,2","4.24",",,,0","0.0",",,,0","83.2",",0","90.8",",,,0","75.5",",,,0",,,,,,,,,,,,,,
"USC00412013","C C BOTANICAL GARDENS, TX US","27.6606","-97.3983","4.9","2006-08",,,,,"614",",0","3",",0","2",",0","0",",0","0",",0","0",",0","0",",0","0",",0","31",",0","31",",0","73",",0,08,","0",",,0,31,+","0.0",",,0,31,+","0.11",",,0,08,","97",",0,25,","0","0",,,"0",",0",,,,,,,,,,,"0.29",",,,0","0.0",",,,0","84.8",",0","93.6",",,,0","76.1",",,,0",,,,,,,,,,,,,,
"USC00412013","C C BOTANICAL GARDENS, TX US","27.6606","-97.3983","4.9","2006-09",,,,,"462","2,0","6","5,0","6","5,0","0","1,0","0","2,0","0","1,0","0","1,0","0","2,0","28","2,0","16","2,0","64","1,0,26,","0","1,,0,30,+","0.0","2,,0,30,+","2.10","5,,0,19,","95","2,0,01,","0","0","87","3,,,0,3,2","0","2,0","95","2,,,0,3,2","76","3,,,0,3,2","80","2,,,0,3,2","81","3,,,0,3,2","87","2,,,0,3,2","5.93","3,a,,0","0.0","2,,,0","81.4","2,0","89.9","2,,,0","72.9","1,,,0",,,,,,,,,,,,,,
"USC00412013","C C BOTANICAL GARDENS, TX US","27.6606","-97.3983","4.9","2006-10",,,,,"308","3,0","7","1,0","6","1,0","0","1,0","0","1,0","0","3,0","0","3,0","0","2,0","29","2,0","11","2,0","49","3,0,29,+","0","1,,0,31,+","0.0","1,,0,31,+","1.70","1,,0,15,","93","2,0,22,+","4","0","82","3,,,0,3,2","4","2,0","86","3,,,0,3,2","69","3,,,0,3,2","76","3,,,0,3,2","77","3,,,0,3,2","82","3,,,0,3,2","4.97","1,,,0","0.0","1,,,0","75.7","3,0","86.0","2,,,0","65.5","3,,,0",,,,,,,,,,,,,,
"USC00412013","C C BOTANICAL GARDENS, TX US","27.6606","-97.3983","4.9","2006-11",,,,,"141","2,0","2","2,0","1","2,0","0","2,0","0","2,0","0","2,0","0","2,0","0","2,0","27","2,0","0","2,0","37","2,0,16,","0","2,,0,30,+","0.0","2,,0,30,+","0.15","2,,0,07,","88","2,0,11,","45","0","76","2,,,0,3,2","41","2,0","78","2,,,0,3,2","63","2,,,0,3,2","65","2,,,0,3,2","69","2,,,0,3,2","74","2,,,0,3,2","0.20","2,,,0","0.0","2,,,0","68.6","2,0","79.8","2,,,0","57.3","2,,,0",,,,,,,,,,,,,,
"USC00412013","C C BOTANICAL GARDENS, TX US","27.6606","-97.3983","4.9","2006-12",,,,,"45","1,0","6",",0","5",",0","0",",0","0",",0","0",",0","1",",0","0","1,0","16","1,0","0","1,0","32",",0,26,","0",",,0,31,+","0.0",",,0,31,+","1.13",",,0,25,","83","1,0,02,","248","0","68","1,,,0,3,2","204","1,0","72","1,,,0,3,2","53","1,,,0,3,2","58","1,,,0,3,2","61","1,,,0,3,2","66","1,,,0,3,2","1.94",",,,0","0.0",",,,0","59.7","1,0","70.0","1,,,0","49.4",",,,0",,,,,,,,,,,,,,
"USW00012926","CORPUS CHRISTI NAS, TX US","27.68786","-97.29158","4.7","2001-01","11.4",",X","6","X","6",",X",,,,,,,,,"0",",X","2",",X","0",",X","8",",X","0",",X","30",",X,03,",,,,,,,"79",",X,30,",,,,,"331",",X",,,,,,,,,,,,,,,"54.5",",X","62.5",",,,X","46.5",",,,X",,,,,,,"310",",X",,,,,"40.9",",X"
"USW00012926","CORPUS CHRISTI NAS, TX US","27.68786","-97.29158","4.7","2001-02","12.3",",X","83","X","78",",X","10",",X","5",",X","0",",X","0",",X","0",",X","0",",X","0",",X","18",",X","0",",X","38",",X,04,","0",",,X,28,+","0.0",",,X,28,+","0.57",",,X,02,","81",",X,27,",,,,,"140",",X",,,,,,,,,,,"1.37",",,,X","0.0",",,,X","62.8",",X","70.0",",,,X","55.5",",,,X",,,,,,,"320",",X",,,,,"46.1",",X"
"USW00012926","CORPUS CHRISTI NAS, TX US","27.68786","-97.29158","4.7","2001-03","11.6",",X","112","X","29",",X","7",",X","6",",X","0",",X","0",",X","0",",X","0",",X","0",",X","16",",X","0",",X","42",",X,21,","0",",,X,31,+","0.0",",,X,31,+","2.26",",,X,28,","85",",X,12,",,,,,"137",",X",,,,,,,,,,,"4.00",",,,X","0.0",",,,X","61.5",",X","70.0",",,,X","53.0",",,,X",,,,,,,"360",",X",,,,,"33.1",",X"
"USW00012926","CORPUS CHRISTI NAS, TX US","27.68786","-97.29158","4.7","2001-04","14.3",",X","388","X","275",",X","5",",X","1",",X","0",",X","0",",X","0",",X","0",",X","0",",X","30",",X","0",",X","55",",X,26,+","0",",,X,30,+","0.0",",,X,30,+","0.54",",,X,17,","85",",X,14,",,,,,"2",",X",,,,,,,,,,,"0.61",",,,X","0.0",",,,X","74.1",",X","80.2",",,,X","68.0",",,,X",,,,,,,"360",",X",,,,,"38.0",",X"
"USW00012926","CORPUS CHRISTI NAS, TX US","27.68786","-97.29158","4.7","2001-05","13.0",",X","779","X","391",",X","3",",X","2",",X","0",",X","0",",X","0",",X","0",",X","0",",X","31",",X","0",",X","60",",X,23,+","0",",,X,31,+","0.0",",,X,31,+","1.08",",,X,07,","88",",X,31,+",,,,,"0",",X",,,,,,,,,,,"2.04",",,,X","0.0",",,,X","77.6",",X","84.4",",,,X","70.8",",,,X",,,,,,,"360",",X",,,,,"53.9",",X"
"USW00012926","CORPUS CHRISTI NAS, TX US","27.68786","-97.29158","4.7","2001-06","11.6",",X","1313","X","534",",X","7",",X","2",",X","0",",X","0",",X","0",",X","0",",X","0",",X","30",",X","21",",X","69",",X,18,","0",",,X,30,+","0.0",",,X,30,+","0.87",",,X,07,","94",",X,11,",,,,,"0",",X",,,,,,,,,,,"1.18",",,,X","0.0",",,,X","82.8",",X","90.0",",,,X","75.5",",,,X",,,,,,,"200",",X",,,,,"51.9",",X"
"USW00012926","CORPUS CHRISTI NAS, TX US","27.68786","-97.29158","4.7","2001-07","11.4","1,X","1897","X","584",",X","5",",X","4",",X","0",",X","0",",X","0",",X","0",",X","0",",X","31",",X","25",",X","69",",X,01,","0",",,X,31,+","0.0",",,X,31,+","2.63",",,X,03,","95",",X,26,","0",,,,"0",",X",,,,,,,,,,,"4.10",",,,X","0.0",",,,X","83.8",",X","90.4",",,,X","77.3",",,,X",,,,,,,"130",",X",,,,,"29.1",",X"
"USW00012926","CORPUS CHRISTI NAS, TX US","27.68786","-97.29158","4.7","2001-08","11.6",",X","2491","X","594",",X","9",",X","7",",X","0",",X","0",",X","0",",X","0",",X","0",",X","31",",X","24",",X","71",",X,28,","0",",,X,31,+","0.0",",,X,31,+","1.34",",,X,28,","94",",X,26,","0",,,,"0",",X",,,,,,,,,,,"5.90",",,,X","0.0",",,,X","84.1",",X","90.8",",,,X","77.4",",,,X",,,,,,,"120",",X",,,,,"32.0",",X"
"USW00012926","CORPUS CHRISTI NAS, TX US","27.68786","-97.29158","4.7","2001-09","11.2",",X","2942","X","451",",X","6",",X","3",",X","0",",X","0",",X","0",",X","0",",X","0",",X","30",",X","12",",X","59",",X,29,+","0",",,X,30,+","0.0",",,X,30,+","0.83",",,X,22,","91",",X,20,+","0",,,,"0",",X",,,,,,,,,,,"1.81",",,,X","0.0",",,,X","80.0",",X","87.0",",,,X","73.1",",,,X",,,,,,,"200",",X",,,,,"40.9",",X"
"USW00012926","CORPUS CHRISTI NAS, TX US","27.68786","-97.29158","4.7","2001-10","11.4","1,X","3209","X","267",",X","3",",X","3",",X","0",",X","0",",X","0",",X","0",",X","0",",X","30",",X","0",",X","55",",X,30,+","0",",,X,31,+","0.0",",,X,31,+","0.60",",,X,11,","88",",X,24,+","1",,,,"1",",X",,,,,,,,,,,"1.44",",,,X","0.0",",,,X","73.6",",X","81.5",",,,X","65.6",",,,X",,,,,,,"360",",X",,,,,"36.9",",X"
"USW00012926","CORPUS CHRISTI NAS, TX US","27.68786","-97.29158","4.7","2001-11","10.5",",X","3351","X","142",",X","8",",X","4",",X","0",",X","0",",X","0",",X","0",",X","0",",X","25",",X","0",",X","35",",X,30,","0",",,X,30,+","0.0",",,X,30,+","9.27",",,X,16,","84",",X,02,","77",,,,"76",",X",,,,,,,,,,,"9.82",",,,X","0.0",",,,X","67.2",",X","75.3",",,,X","59.0",",,,X",,,,,,,"300",",X",,,,,"38.0",",X"
"USW00012926","CORPUS CHRISTI NAS, TX US","27.68786","-97.29158","4.7","2001-12","10.5",",X","3407","X","56",",X","7",",X","5",",X","0",",X","0",",X","0",",X","0",",X","0",",X","17",",X","0",",X","34",",X,27,+","0",",,X,31,+","0.0",",,X,31,+","0.58",",,X,08,","80",",X,05,","271",,,,"194",",X",,,,,,,,,,,"1.46",",,,X","0.0",",,,X","60.5",",X","68.6",",,,X","52.4",",,,X",,,,,,,"310",",X",,,,,"38.0",",X"
"USW00012926","CORPUS CHRISTI NAS, TX US","27.68786","-97.29158","4.7","2002-01","11.6",",X","48","X","48",",X","3",",X","1",",X","0",",X","0",",X","0",",X","2",",X","0",",X","15",",X","0",",X","28",",X,03,","0",",,X,31,+","0.0",",,X,31,+","0.11",",,X,05,","80",",X,31,","489","X",,,"218",",X",,,,,,,,,,,"0.16",",,,X","0.0",",,,X","59.5",",X","68.6",",,,X","50.4",",,,X",,,,,,,"340",",X",,,,,"38.9",",X"
"USW00012926","CORPUS CHRISTI NAS, TX US","27.68786","-97.29158","4.7","2002-02","12.1",",X","58","X","10",",X","5",",X","3",",X","0",",X","0",",X","0",",X","0",",X","0",",X","10",",X","0",",X","35",",X,07,","0",",,X,28,+","0.0",",,X,28,+","0.84",",,X,01,","79",",X,21,","752","X",,,"263",",X",,,,,,,,,,,"1.26",",,,X","0.0",",,,X","56.0",",X","65.2",",,,X","46.8",",,,X",,,,,,,"340",",X",,,,,"40.9",",X"
"USW00012926","CORPUS CHRISTI NAS, TX US","27.68786","-97.29158","4.7","2002-03","13.4",",X","159","X","100",",X","2",",X","1",",X","0",",X","0",",X","0",",X","1",",X","0",",X","23",",X","0",",X","25",",X,04,","0",",,X,31,+","0.0",",,X,31,+","0.16",",,X,11,","82",",X,31,+","859","X",,,"107",",X",,,,,,,,,,,"0.20",",,,X","0.0",",,,X","64.8",",X","72.8",",,,X","56.7",",,,X",,,,,,,"130",",X",,,,,"49.0",",X"
"USW00012926","CORPUS CHRISTI NAS, TX US","27.68786","-97.29158","4.7","2002-04","14.3",",X","494","X","335",",X","3",",X","1",",X","0",",X","0",",X","0",",X","0",",X","0",",X","28",",X","0",",X","60",",X,11,","0",",,X,30,+","0.0",",,X,30,+","0.47",",,X,06,","89",",X,08,","859","X",,,"0",",X",,,,,,,,,,,"0.49",",,,X","0.0",",,,X","76.2",",X","81.7",",,,X","70.7",",,,X",,,,,,,"130",",X",,,,,"36.9",",X"
"USW00012926","CORPUS CHRISTI NAS, TX US","27.68786","-97.29158","4.7","2002-05","14.5",",X","937","X","443",",X","3",",X","2",",X","0",",X","0",",X","0",",X","0",",X","0",",X","31",",X","0",",X","65",",X,14,+","0",",,X,31,+","0.0",",,X,31,+","0.88",",,X,17,","88",",X,29,+","859","X",,,"0",",X",,,,,,,,,,,"1.39",",,,X","0.0",",,,X","79.3",",X","85.2",",,,X","73.4",",,,X",,,,,,,"100",",X",,,,,"59.9",",X"
"USW00012926","CORPUS CHRISTI NAS, TX US","27.68786","-97.29158","4.7","2002-06","11.4",",X","1477","X","540",",X","6",",X","3",",X","0",",X","0",",X","0",",X","0",",X","0",",X","30",",X","20",",X","69",",X,23,","0",",,X,30,+","0.0",",,X,30,+","1.62",",,X,27,","92",",X,26,+","859","X",,,"0",",X",,,,,,,,,,,"4.28",",,,X","0.0",",,,X","83.0",",X","89.5",",,,X","76.5",",,,X",,,,,,,"180",",X",,,,,"36.9",",X"
"USW00012926","CORPUS CHRISTI NAS, TX US","27.68786","-97.29158","4.7","2002-07","12.1",",X","2072","X","595",",X","6",",X","5",",X","0",",X","0",",X","0",",X","0",",X","0",",X","31",",X","21",",X","73",",X,07,","0",",,X,31,+","0.0",",,X,31,+","3.02",",,X,16,","92",",X,25,+","0","X",,,"0",",X",,,,,,,,,,,"5.83",",,,X","0.0",",,,X","84.2",",X","90.0",",,,X","78.4",",,,X",,,,,,,"200",",X",,,,,"42.9",",X"
"USW00012926","CORPUS CHRISTI NAS, TX US","27.68786","-97.29158","4.7","2002-08","10.7",",X","2686","X","614",",X","4",",X","2",",X","0",",X","0",",X","0",",X","0",",X","0",",X","31",",X","29",",X","72",",X,30,+","0",",,X,31,+","0.0",",,X,31,+","0.94",",,X,09,","97",",X,07,","0","X",,,"0",",X",,,,,,,,,,,"1.15",",,,X","0.0",",,,X","84.8",",X","91.4",",,,X","78.2",",,,X",,,,,,,"130",",X",,,,,"31.1",",X"
"USW00012926","CORPUS CHRISTI NAS, TX US","27.68786","-97.29158","4.7","2002-09","11.0",",X","3159","X","472",",X","16",",X","7",",X","0",",X","0",",X","0",",X","0",",X","0",",X","30",",X","10",",X","64",",X,21,","0",",,X,30,+","0.0",",,X,30,+","3.38",",,X,15,","94",",X,07,","0","X",,,"0",",X",,,,,,,,,,,"9.06",",,,X","0.0",",,,X","80.7",",X","88.4",",,,X","73.1",",,,X",,,,,,,"360",",X",,,,,"34.9",",X"
"USW00012926","CORPUS CHRISTI NAS, TX US","27.68786","-97.29158","4.7","2002-10","10.7",",X","3498","X","340",",X","15",",X","8",",X","0",",X","0",",X","0",",X","0",",X","0",",X","29",",X","1",",X","58",",X,17,","0",",,X,31,+","0.0",",,X,31,+","3.87",",,X,24,","90",",X,04,","0","X",,,"0",",X",,,,,,,,,,,"15.40",",,,X","0.0",",,,X","76.0",",X","81.8",",,,X","70.1",",,,X",,,,,,,"260",",X",,,,,"68.9",",X"
"USW00012926","CORPUS CHRISTI NAS, TX US","27.68786","-97.29158","4.7","2002-11","11.0",",X","3563","X","64",",X","5",",X","3",",X","0",",X","0",",X","0",",X","0",",X","0",",X","22",",X","0",",X","42",",X,17,","0",",,X,30,+","0.0",",,X,30,+","2.31",",,X,04,","85",",X,10,","96","X",,,"96",",X",,,,,,,,,,,"5.46",",,,X","0.0",",,,X","63.9",",X","71.9",",,,X","55.9",",,,X",,,,,,,"360",",X",,,,,"38.9",",X"
"USW00012926","CORPUS CHRISTI NAS, TX US","27.68786","-97.29158","4.7","2002-12","11.9",",X","3596","X","33",",X","7",",X","5",",X","0",",X","0",",X","0",",X","0",",X","0",",X","12",",X","0",",X","36",",X,06,","0",",,X,31,+","0.0",",,X,31,+","1.86",",,X,09,","79",",X,03,","299","X",,,"203",",X",,,,,,,,,,,"3.48",",,,X","0.0",",,,X","59.5",",X","67.7",",,,X","51.4",",,,X",,,,,,,"310",",X",,,,,"47.0",",X"
"USW00012926","CORPUS CHRISTI NAS, TX US","27.68786","-97.29158","4.7","2003-01","10.3",",X","11","X","11",",X","8",",X","5",",X","0",",X","0",",X","0",",X","0",",X","0",",X","7",",X","0",",X","35",",X,19,","0",",,X,31,+","0.0",",,X,31,+","1.24",",,X,25,","78",",X,09,","626","X",,,"327",",X",,,,,,,,,,,"3.28",",,,X","0.0",",,,X","54.8",",X","63.2",",,,X","46.4",",,,X",,,,,,,"320",",X",,,,,"34.9",",X"
"USW00012926","CORPUS CHRISTI NAS, TX US","27.68786","-97.29158","4.7","2003-02","12.3",",X","38","X","27",",X","10",",X","2",",X","0",",X","0",",X","0",",X","0",",X","0",",X","12",",X","0",",X","35",",X,25,","0",",,X,28,+","0.0",",,X,28,+","1.38",",,X,15,","81",",X,03,","848","X",,,"222",",X",,,,,,,,,,,"2.37",",,,X","0.0",",,,X","58.0",",X","65.1",",,,X","51.0",",,,X",,,,,,,"280",",X",,,,,"44.1",",X"
"USW00012926","CORPUS CHRISTI NAS, TX US","27.68786","-97.29158","4.7","2003-03","11.0",",X","93","X","55",",X","6",",X","3",",X","0",",X","0",",X","0",",X","0",",X","0",",X","21",",X","0",",X","43",",X,30,","0",",,X,31,+","0.0",",,X,31,+","1.04",",,X,15,","83",",X,19,","940","X",,,"92",",X",,,,,,,,,,,"2.05",",,,X","0.0",",,,X","63.8",",X","71.0",",,,X","56.7",",,,X",,,,,,,"300",",X",,,,,"48.1",",X"
"USW00012926","CORPUS CHRISTI NAS, TX US","27.68786","-97.29158","4.7","2003-04","12.1",",X","316","X","223",",X","5",",X","0",",X","0",",X","0",",X","0",",X","0",",X","0",",X","30",",X","1",",X","47",",X,10,","0",",,X,30,+","0.0",",,X,30,+","0.06",",,X,07,","92",",X,25,","951","X",,,"12",",X",,,,,,,,,,,"0.15",",,,X","0.0",",,,X","72.0",",X","77.8",",,,X","66.3",",,,X",,,,,,,"140",",X",,,,,"42.9",",X"
"USW00012926","CORPUS CHRISTI NAS, TX US","27.68786","-97.29158","4.7","2003-05","12.8",",X","788","X","472",",X","1",",X","0",",X","0",",X","0",",X","0",",X","0",",X","0",",X","31",",X","1",",X","68",",X,24,","0",",,X,31,+","0.0",",,X,31,+","0.01",",,X,02,","91",",X,30,","951","X",,,"0",",X",,,,,,,,,,,"0.01",",,,X","0.0",",,,X","80.2",",X","85.9",",,,X","74.5",",,,X",,,,,,,"140",",X",,,,,"40.9",",X"
"USW00012926","CORPUS CHRISTI NAS, TX US","27.68786","-97.29158","4.7","2003-06","10.5",",X","1329","X","541",",X","9",",X","6",",X","0",",X","0",",X","0",",X","0",",X","0",",X","30",",X","20",",X","71",",X,16,+","0",",,X,30,+","0.0",",,X,30,+","0.81",",,X,27,","94",",X,30,","951","X",,,"0",",X",,,,,,,,,,,"2.07",",,,X","0.0",",,,X","83.0",",X","89.8",",,,X","76.3",",,,X",,,,,,,"200",",X",,,,,"38.9",",X"
"USW00012926","CORPUS CHRISTI NAS, TX US","27.68786","-97.29158","4.7","2003-07",,,"1883","X","554",",X","9",",X","7",",X","0",",X","0",",X","0",",X","0",",X","0",",X","31",",X","22",",X","72",",X,28,","0",",,X,31,+","0.0",",,X,31,+","2.29",",,X,08,","92",",X,29,+","0","X",,,"0",",X",,,,,,,,,,,"6.93",",,,X","0.0",",,,X","82.9",",X","89.6",",,,X","76.1",",,,X",,,,,,,"200",",X",,,,,"40.9",",X"
"USW00012926","CORPUS CHRISTI NAS, TX US","27.68786","-97.29158","4.7","2003-08",,,"2468","X","585",",X",,,,,,,,,"0",",X","0",",X","0",",X","31",",X","28",",X","72",",X,24,+",,,,,,,"95",",X,08,","0","X",,,"0",",X",,,,,,,,,,,,,,,"83.9",",X","91.1",",,,X","76.7",",,,X",,,,,,,"300",",X",,,,,"42.9",",X"
"USW00012926","CORPUS CHRISTI NAS, TX US","27.68786","-97.29158","4.7","2003-09",,,"2902","X","434",",X","14",",X","11",",X","0",",X","0",",X","0",",X","0",",X","0",",X","30",",X","5",",X","67",",X,24,+","0",",,X,30,+","0.0",",,X,30,+","4.56",",,X,18,","93",",X,11,","0","X",,,"0",",X",,,,,,,,,,,"12.94",",,,X","0.0",",,,X","79.5",",X","86.0",",,,X","72.9",",,,X",,,,,,,"350",",X",,,,,"51.9",",X"
"USW00012926","CORPUS CHRISTI NAS, TX US","27.68786","-97.29158","4.7","2003-10",,,"3221","X","318",",X","10",",X","7",",X","0",",X","0",",X","0",",X","0",",X","0",",X","30",",X","0",",X","51",",X,28,","0",",,X,31,+","0.0",",,X,31,+","0.65",",,X,10,","88",",X,23,+","5","X",,,"5",",X",,,,,,,,,,,"2.52",",,,X","0.0",",,,X","75.1",",X","82.6",",,,X","67.6",",,,X",,,,,,,"360",",X",,,,,"36.0",",X"
"USW00012926","CORPUS CHRISTI NAS, TX US","27.68786","-97.29158","4.7","2003-11",,,"3413","X","192",",X","5",",X","3",",X","0","1,X","0",",X","0",",X","0",",X","0",",X","25",",X","0",",X","35",",X,29,","0","1,,X,30,+","0.0",",,X,30,+","0.51",",,X,18,","84",",X,23,+","73","X",,,"69",",X",,,,,,,,,,,"0.92",",,,X","0.0",",,,X","69.1",",X","77.7",",,,X","60.5",",,,X",,,,,,,"360",",X",,,,,"45.0",",X"
"USW00012926","CORPUS CHRISTI NAS, TX US","27.68786","-97.29158","4.7","2003-12",,,"3446","X","34","1,X","6",",X","2",",X","0",",X","0",",X","0","1,X","0","1,X","0",",X","18",",X","0",",X","34","1,X,30,+","0",",,X,31,+","0.0",",,X,31,+","0.35",",,X,12,","78",",X,03,+","253","X",,,"180",",X",,,,,,,,,,,"0.64",",,,X","0.0",",,,X","60.0","1,X","70.0",",,,X","50.1","1,,,X",,,,,,,"330",",X",,,,,"40.9",",X"
"USW00012926","CORPUS CHRISTI NAS, TX US","27.68786","-97.29158","4.7","2004-01",,,"38","X","38",",X","9",",X","3",",X","0",",X","0",",X","0",",X","0",",X","0",",X","13",",X","0",",X","36",",X,20,+","0",",,X,31,+","0.0",",,X,31,+","1.17",",,X,16,","82",",X,16,","466","X",,,"213",",X",,,,,,,,,,,"1.81",",,,X","0.0",",,,X","59.4",",X","66.5",",,,X","52.2",",,,X",,,,,,,"100",",X",,,,,"34.9",",X"
"USW00012926","CORPUS CHRISTI NAS, TX US","27.68786","-97.29158","4.7","2004-02",,,"53","X","15",",X","7",",X","4",",X","0",",X","0",",X","0",",X","0",",X","0",",X","11",",X","0",",X","36",",X,27,","0",",,X,29,+","0.0",",,X,29,+","0.73",",,X,24,","77",",X,29,","672","X",,,"205",",X",,,,,,,,,,,"1.41",",,,X","0.0",",,,X","58.4",",X","66.0",",,,X","50.8",",,,X",,,,,,,"320",",X",,,,,"42.9",",X"
"USW00012926","CORPUS CHRISTI NAS, TX US","27.68786","-97.29158","4.7","2004-03",,,"228","X","175",",X","4",",X","2",",X","0",",X","0",",X","0",",X","0",",X","0",",X","30",",X","0",",X","49",",X,09,","0",",,X,31,+","0.0",",,X,31,+","0.50",",,X,14,","87",",X,31,","676","X",,,"4",",X",,,,,,,,,,,"0.68",",,,X","0.0",",,,X","70.5",",X","77.4",",,,X","63.6",",,,X",,,,,,,"150",",X",,,,,"40.0",",X"
"USW00012926","CORPUS CHRISTI NAS, TX US","27.68786","-97.29158","4.7","2004-04",,,"446","X","218",",X","7",",X","5",",X","0",",X","0",",X","0",",X","0",",X","0",",X","30",",X","0",",X","44",",X,14,","0",",,X,30,+","0.0",",,X,30,+","7.38",",,X,25,","83",",X,10,+","695","X",,,"18",",X",,,,,,,,,,,"10.38",",,,X","0.0",",,,X","71.6",",X","79.0",",,,X","64.3",",,,X",,,,,,,"50",",X",,,,,"51.0",",X"
"USW00012926","CORPUS CHRISTI NAS, TX US","27.68786","-97.29158","4.7","2004-05",,,"814","X","367",",X","5",",X","5",",X","0",",X","0",",X","0",",X","0",",X","0",",X","31",",X","1",",X","53",",X,03,","0",",,X,31,+","0.0",",,X,31,+","3.05",",,X,13,","92",",X,31,","695","X",,,"0",",X",,,,,,,,,,,"7.86",",,,X","0.0",",,,X","76.9",",X","82.7",",,,X","71.0",",,,X",,,,,,,"50","2,X",,,,,"40.9","2,X"
"USW00012926","CORPUS CHRISTI NAS, TX US","27.68786","-97.29158","4.7","2004-06",,,"1339","X","525",",X","7",",X","1",",X","0",",X","0",",X","0",",X","0",",X","0",",X","30",",X","1",",X","71",",X,25,","0",",,X,30,+","0.0",",,X,30,+","2.47",",,X,25,","90",",X,17,","695","X",,,"0",",X",,,,,,,,,,,"2.68",",,,X","0.0",",,,X","82.5",",X","87.8",",,,X","77.2",",,,X",,,,,,,"130",",X",,,,,"40.9",",X"
"USW00012926","CORPUS CHRISTI NAS, TX US","27.68786","-97.29158","4.7","2004-07",,,"1924","X","585",",X","1",",X","1",",X","0",",X","0",",X","0",",X","0",",X","0",",X","31",",X","19",",X","72",",X,15,","0",",,X,31,+","0.0",",,X,31,+","0.78",",,X,11,","94",",X,18,","0","X",,,"0",",X",,,,,,,,,,,"0.78",",,,X","0.0",",,,X","83.9",",X","90.0",",,,X","77.7",",,,X",,,,,,,"130","1,X",,,,,"28.0","1,X"
"USW00012926","CORPUS CHRISTI NAS, TX US","27.68786","-97.29158","4.7","2004-08",,,"2517","X","593",",X","5",",X","2",",X","0",",X","0",",X","0",",X","0",",X","0",",X","31",",X","25",",X","69",",X,11,","0",",,X,31,+","0.0",",,X,31,+","0.74",",,X,11,","94",",X,03,","0","X",,,"0",",X",,,,,,,,,,,"1.04",",,,X","0.0",",,,X","84.1",",X","91.0",",,,X","77.3",",,,X",,,,,,,"200","1,X",,,,,"46.1","1,X"
"USW00012926","CORPUS CHRISTI NAS, TX US","27.68786","-97.29158","4.7","2004-09",,,"3007","X","490",",X","12",",X","10",",X","0",",X","0",",X","0",",X","0",",X","0",",X","30",",X","9",",X","69",",X,30,+","0",",,X,30,+","0.0",",,X,30,+","5.54",",,X,02,","92",",X,24,+","0","X",,,"0",",X",,,,,,,,,,,"10.34",",,,X","0.0",",,,X","81.3",",X","88.4",",,,X","74.3",",,,X",,,,,,,"40","3,X",,,,,"40.0","3,X"
"USW00012926","CORPUS CHRISTI NAS, TX US","27.68786","-97.29158","4.7","2004-10",,,"3460","X","453",",X","10",",X","6",",X","0",",X","0",",X","0",",X","0",",X","0",",X","31",",X","3",",X","52",",X,15,","0",",,X,31,+","0.0",",,X,31,+","0.80",",,X,05,","91",",X,02,","0","X",,,"0",",X",,,,,,,,,,,"2.97",",,,X","0.0",",,,X","79.6",",X","86.6",",,,X","72.7",",,,X",,,,,,,"100",",X",,,,,"36.9",",X"
"USW00012926","CORPUS CHRISTI NAS, TX US","27.68786","-97.29158","4.7","2004-11",,,"3604","X","143",",X","8",",X","7",",X","0",",X","0",",X","0",",X","0",",X","0",",X","25",",X","0",",X","44",",X,04,","0",",,X,30,+","0.0",",,X,30,+","2.17",",,X,15,","83",",X,16,+","38","X",,,"38",",X",,,,,,,,,,,"6.88",",,,X","0.0",",,,X","68.5",",X","77.1",",,,X","59.9",",,,X",,,,,,,"360",",X",,,,,"38.0",",X"
"USW00012926","CORPUS CHRISTI NAS, TX US","27.68786","-97.29158","4.7","2004-12",,,"3630","X","26",",X","5",",Z","2",",Z","0","2,X","0","1,X","0",",X","2",",X","0",",X","15",",X","0",",X","29",",X,26,","0","2,,X,31,+","0.1","1,,X,24,","0.31",",,Z,24,","79",",X,09,","267","X",,,"229",",X",,,,,,,,,,,"0.67",",,,Z","0.1","1,,,X","58.5",",X","67.3",",,,X","49.6",",,,X",,,,,,,"100",",X",,,,,"38.0",",X"
"USW00012926","CORPUS CHRISTI NAS, TX US","27.68786","-97.29158","4.7","2005-01",,,"56","X","56",",X","7",",X","3",",X","0",",X","0",",X","0",",X","0",",X","0",",X","16",",X","0",",X","37",",X,25,","0",",,X,31,+","0.0",",,X,31,+","0.73",",,X,28,","79",",X,03,+","444","X",,,"177",",X",,,,,,,,,,,"1.49",",,,X","0.0",",,,X","61.1",",X","68.5",",,,X","53.7",",,,X",,,,,,,"270",",X",,,,,"44.1",",X"
"USW00012926","CORPUS CHRISTI NAS, TX US","27.68786","-97.29158","4.7","2005-02",,,"112","X","57",",X","12",",X","4",",X","0",",X","0",",X","0",",X","0",",X","0",",X","14",",X","0",",X","45",",X,03,+","0",",,X,28,+","0.0",",,X,28,+","2.09",",,X,26,","81",",X,14,+","571","X",,,"127",",X",,,,,,,,,,,"3.36",",,,X","0.0",",,,X","62.5",",X","68.2",",,,X","56.8",",,,X",,,,,,,"170",",X",,,,,"36.0",",X"
"USW00012926","CORPUS CHRISTI NAS, TX US","27.68786","-97.29158","4.7","2005-03",,,"219","X","106",",X","10",",X","4",",X","0",",X","0",",X","0",",X","0",",X","0",",X","26",",X","0",",X","48",",X,28,","0",",,X,31,+","0.0",",,X,31,+","0.91",",,X,02,","84",",X,13,+","619","X",,,"48",",X",,,,,,,,,,,"2.55",",,,X","0.0",",,,X","66.9",",X","75.1",",,,X","58.6",",,,X",,,,,,,"330",",X",,,,,"51.0",",X"
"USW00012926","CORPUS CHRISTI NAS, TX US","27.68786","-97.29158","4.7","2005-04",,,"467","X","249",",X","4",",X","1",",X","0",",X","0",",X","0",",X","0",",X","0",",X","30",",X","1",",X","51",",X,03,","0",",,X,30,+","0.0",",,X,30,+","0.22",",,X,25,","92",",X,11,","621","X",,,"2",",X",,,,,,,,,,,"0.30",",,,X","0.0",",,,X","73.2",",X","80.9",",,,X","65.5",",,,X",,,,,,,"200",",X",,,,,"40.0",",X"
"USW00012926","CORPUS CHRISTI NAS, TX US","27.68786","-97.29158","4.7","2005-05",,,"862","X","394",",X","3",",X","2",",X","0",",X","0",",X","0",",X","0",",X","0",",X","31",",X","2",",X","64",",X,01,","0",",,X,31,+","0.0",",,X,31,+","0.74",",,X,08,","93",",X,31,","621","X",,,"0",",X",,,,,,,,,,,"0.89",",,,X","0.0",",,,X","77.7",",X","83.7",",,,X","71.8",",,,X",,,,,,,"320",",X",,,,,"36.9",",X"
"USW00012926","CORPUS CHRISTI NAS, TX US","27.68786","-97.29158","4.7","2005-06",,,"1413","X","551",",X","2",",X","1",",X","0",",X","0",",X","0",",X","0",",X","0",",X","30",",X","18",",X","67",",X,01,","0",",,X,30,+","0.0",",,X,30,+","1.53",",,X,01,","93",",X,30,","621","X",,,"0",",X",,,,,,,,,,,"1.54",",,,X","0.0",",,,X","83.4",",X","89.9",",,,X","76.8",",,,X",,,,,,,"320",",X",,,,,"46.1",",X"
"USW00012926","CORPUS CHRISTI NAS, TX US","27.68786","-97.29158","4.7","2005-07",,,"2052","X","640",",X","7",",X","4",",X","0",",X","0",",X","0",",X","0",",X","0",",X","31",",X","29",",X","74",",X,31,","0",",,X,31,+","0.0",",,X,31,+","0.55",",,X,16,","97",",X,09,","0","X",,,"0",",X",,,,,,,,,,,"1.48",",,,X","0.0",",,,X","85.6",",X","92.3",",,,X","79.0",",,,X",,,,,,,"60",",X",,,,,"45.0",",X"
"USW00012926","CORPUS CHRISTI NAS, TX US","27.68786","-97.29158","4.7","2005-08",,,"2728","X","675","1,X","1",",X","1",",X","0",",X","0",",X","0","1,X","0","1,X","0",",X","31",",X","31",",X","76","1,X,01,","0",",,X,31,+","0.0",",,X,31,+","0.13",",,X,29,","101",",X,29,","0","X",,,"0",",X",,,,,,,,,,,"0.13",",,,X","0.0",",,,X","87.5","1,X","94.2",",,,X","80.8","1,,,X",,,,,,,"130",",X",,,,,"30.0",",X"
"USW00012926","CORPUS CHRISTI NAS, TX US","27.68786","-97.29158","4.7","2005-09",,,"3301","X","574","1,X","11",",X","6",",X","0",",X","0",",X","0","1,X","0","1,X","0",",X","30",",X","24",",X","72","1,X,09,","0",",,X,30,+","0.0",",,X,30,+","3.48",",,X,11,","104",",X,24,","0","X",,,"0",",X",,,,,,,,,,,"5.69",",,,X","0.0",",,,X","84.8","1,X","92.0",",,,X","77.8","1,,,X",,,,,,,"100",",X",,,,,"34.9",",X"
"USW00012926","CORPUS CHRISTI NAS, TX US","27.68786","-97.29158","4.7","2005-10",,,"3625","X","324",",X","4",",X","4",",X","0",",X","0",",X","0",",X","0",",X","0",",X","30",",X","6",",X","46",",X,25,","0",",,X,31,+","0.0",",,X,31,+","1.23",",,X,11,","92",",X,10,+","10","X",,,"10",",X",,,,,,,,,,,"2.07",",,,X","0.0",",,,X","75.1",",X","84.1",",,,X","66.2",",,,X",,,,,,,"350",",X",,,,,"47.0",",X"
"USW00012926","CORPUS CHRISTI NAS, TX US","27.68786","-97.29158","4.7","2005-11",,,"3822","X","196",",X","4",",X","4",",X","0",",X","0",",X","0",",X","0",",X","0",",X","25",",X","0",",X","43",",X,21,","0",",,X,30,+","0.0",",,X,30,+","1.48",",,X,26,","86",",X,23,+","61","X",,,"51",",X",,,,,,,,,,,"2.65",",,,X","0.0",",,,X","69.8",",X","78.1",",,,X","61.6",",,,X",,,,,,,"360",",X",,,,,"46.1",",X"
"USW00012926","CORPUS CHRISTI NAS, TX US","27.68786","-97.29158","4.7","2005-12",,,"3865","X","43",",X","5",",X","2",",X","0",",X","0",",X","0",",X","0",",X","0",",X","15",",X","0",",X","34",",X,08,","0",",,X,31,+","0.0",",,X,31,+","0.17",",,X,16,","83",",X,03,","275","X",,,"214",",X",,,,,,,,,,,"0.34",",,,X","0.0",",,,X","59.5",",X","67.7",",,,X","51.3",",,,X",,,,,,,"360",",X",,,,,"38.0",",X"
"USW00012926","CORPUS CHRISTI NAS, TX US","27.68786","-97.29158","4.7","2006-12","11.2",",W",,,"42","2,W",,,,,,,,,"0","2,W","0","2,W","0","2,W","13","2,W","0","2,W","35","2,W,26,",,,,,,,"78","2,W,18,+",,,,,"196","2,W",,,,,,,,,,,,,,,"59.7","2,W","67.3","2,,,W","52.1","2,,,W",,,"20",",W","60",",W",,,"89.0",",W","135",",W",,
"USW00012924","CORPUS CHRISTI INTERNATIONAL AIRPORT, TX US","27.77335","-97.51302","12.5","2000-01","12.3",",X","76","0","76",",0","3",",0","3",",0",,,,,"0",",0","1",",0","0",",0","22",",0","0",",0","30",",0,05,",,,,,"0.25",",,0,27,","88",",0,23,","448","0",,,"158",",0",,,,,,,,,,,"0.51",",,,0",,,"62.4",",0","73.5",",,,0","51.2",",,,0","8501",",X","190",",X","10",",X",,,"33.1",",X","38",",X",,
"USW00012924","CORPUS CHRISTI INTERNATIONAL AIRPORT, TX US","27.77335","-97.51302","12.5","2000-02","14.3",",X","213","0","137",",0","4",",0","2",",0",,,,,"0",",0","0",",0","0",",0","24",",0","0",",0","41",",0,05,+",,,,,"0.40",",,0,02,","88",",0,10,","514","0",,,"66",",0",,,,,,,,,,,"0.61",",,,0",,,"67.4",",0","77.5",",,,0","57.4",",,,0","9099",",X","140",",X","140",",X",,,"36.0",",X","43",",X",,
"USW00012924","CORPUS CHRISTI INTERNATIONAL AIRPORT, TX US","27.77335","-97.51302","12.5","2000-03","14.5",",X","428","0","215",",0","2",",0","1",",0",,,,,"0",",0","0",",0","0",",0","30",",0","1",",0","50",",0,20,",,,,,"3.66",",,0,14,","92",",0,29,","537","0",,,"23",",0",,,,,,,,,,,"3.68",",,,0",,,"71.2",",0","79.2",",,,0","63.2",",,,0","6572",",X","20",",X","60",",X",,,"40.0",",X","46",",X",,
"USW00012924","CORPUS CHRISTI INTERNATIONAL AIRPORT, TX US","27.77335","-97.51302","12.5","2000-04","12.5",",X","678","0","249",",0","3",",0","1",",0",,,,,"0",",0","0",",0","0",",0","30",",0","2",",0","46",",0,05,",,,,,"0.93",",,0,12,","96",",0,23,","542","0",,,"5",",0",,,,,,,,,,,"1.02",",,,0",,,"73.1",",0","82.9",",,,0","63.4",",,,0","11153",",X","10",",X","10",",X",,,"36.9",",X","43",",X",,
"USW00012924","CORPUS CHRISTI INTERNATIONAL AIRPORT, TX US","27.77335","-97.51302","12.5","2000-05","13.0",",X","1140","0","462",",0","5",",0","5",",0",,,,,"0",",0","0",",0","0",",0","31",",0","4",",0","65",",0,02,",,,,,"2.00",",,0,20,","91",",0,31,+","542","0",,,"0",",0",,,,,,,,,,,"4.80",",,,0",,,"79.9",",0","87.2",",,,0","72.7",",,,0","14155",",X","40",",X","30",",X",,,"38.0",",X","49",",X",,
"USW00012924","CORPUS CHRISTI INTERNATIONAL AIRPORT, TX US","27.77335","-97.51302","12.5","2000-06","11.4",",X","1648","0","508",",0","8",",0","4",",0",,,,,"0",",0","0",",0","0",",0","30",",0","19",",0","69",",0,13,",,,,,"1.00",",,0,10,","94",",0,29,","542","0",,,"0",",0",,,,,,,,,,,"2.61",",,,0",,,"81.9",",0","90.1",",,,0","73.8",",,,0","15245",",X","140",",X","230",",X",,,"25.1",",X","37",",X",,
"USW00012924","CORPUS CHRISTI INTERNATIONAL AIRPORT, TX US","27.77335","-97.51302","12.5","2000-07","11.9",",X","2265","0","617",",0","1",",0","0",",0",,,,,"0",",0","0",",0","0",",0","31",",0","31",",0","68",",0,14,",,,,,"0.01",",,0,30,","103",",0,15,","0","0",,,"0",",0",,,,,,,,,,,"0.01",",,,0",,,"84.9",",0","96.5",",,,0","73.3",",,,0","20796",",X","150",",X","160",",X",,,"28.0",",X","41",",X",,
"USW00012924","CORPUS CHRISTI INTERNATIONAL AIRPORT, TX US","27.77335","-97.51302","12.5","2000-08","9.6",",X","2876","0","611",",0","3",",0","2",",0",,,,,"0",",0","0",",0","0",",0","31",",0","30",",0","70",",0,18,+",,,,,"0.79",",,0,15,","103",",0,31,","0","0",,,"0",",0",,,,,,,,,,,"0.96",",,,0",,,"84.7",",0","95.9",",,,0","73.6",",,,0","18370","1,X","110",",X","100",",X",,,"29.1",",X","33",",X",,
"USW00012924","CORPUS CHRISTI INTERNATIONAL AIRPORT, TX US","27.77335","-97.51302","12.5","2000-09","10.5",",X","3376","0","500",",0","7",",0","4",",0",,,,,"0",",0","0",",0","0",",0","30",",0","22",",0","52",",0,27,",,,,,"1.16",",,0,13,","109",",0,05,","0","0",,,"0",",0",,,,,,,,,,,"2.03",",,,0",,,"81.7",",0","93.2",",,,0","70.2",",,,0","17889",",X","350",",X","350",",X",,,"36.0",",X","41",",X",,
"USW00012924","CORPUS CHRISTI INTERNATIONAL AIRPORT, TX US","27.77335","-97.51302","12.5","2000-10","12.1",",X","3705","0","329",",0","9",",0","6",",0",,,,,"0",",0","0",",0","0",",0","27",",0","5",",0","44",",0,10,+",,,,,"0.57",",,0,11,","96",",0,05,","55","0",,,"55",",0",,,,,,,,,,,"1.90",",,,0",,,"73.8",",0","83.2",",,,0","64.5",",,,0","8872","3,X","30",",X","30",",X",,,"33.1",",X","38",",X",,
"USW00012924","CORPUS CHRISTI INTERNATIONAL AIRPORT, TX US","27.77335","-97.51302","12.5","2000-11","12.5",",X","3812","0","106",",0","11",",0","5",",0",,,,,"0",",0","0",",0","0",",0","18",",0","0",",0","37",",0,09,",,,,,"0.67",",,0,06,","88",",0,02,","206","0",,,"151",",0",,,,,,,,,,,"2.28",",,,0",,,"63.5",",0","72.5",",,,0","54.5",",,,0",,,"330",",X","330",",X",,,"36.0",",X","43",",X",,
"USW00012924","CORPUS CHRISTI INTERNATIONAL AIRPORT, TX US","27.77335","-97.51302","12.5","2000-12","11.6",",X","3823","0","11",",0","9",",0","4",",0",,,,,"0",",0","2",",0","0",",0","11",",0","0",",0","28",",0,19,",,,,,"1.12",",,0,26,","84",",0,11,","581","0",,,"375",",0",,,,,,,,,,,"1.69",",,,0",,,"53.3",",0","63.7",",,,0","42.8",",,,0",,,"330",",X","330",",X",,,"38.0",",X","46",",X",,
"USW00012924","CORPUS CHRISTI INTERNATIONAL AIRPORT, TX US","27.77335","-97.51302","12.5","2001-01","12.1",",X","11","0","11",",0","8",",0","4",",0",,,,,"0",",0","1",",0","0",",0","9",",0","0",",0","31",",0,04,",,,,,"0.55",",,0,10,","78",",0,30,","910","0",,,"329",",0",,,,,,,,,,,"1.74",",,,0",,,"54.7",",0","63.8",",,,0","45.7",",,,0","8234","3,X","340",",X","330",",X",,,"36.0",",X","43",",X",,
"USW00012924","CORPUS CHRISTI INTERNATIONAL AIRPORT, TX US","27.77335","-97.51302","12.5","2001-02","13.6",",X","115","0","105",",0","7",",0","2",",0",,,,,"0",",0","0",",0","0",",0","21",",0","0",",0","37",",0,18,",,,,,"0.33",",,0,02,","89",",0,24,","1051","0",,,"141",",0",,,,,,,,,,,"0.72",",,,0",,,"63.7",",0","72.7",",,,0","54.7",",,,0","8021","2,X","150",",X","150",",X",,,"38.0",",X","44",",X",,
"USW00012924","CORPUS CHRISTI INTERNATIONAL AIRPORT, TX US","27.77335","-97.51302","12.5","2001-03","11.4",",X","145","0","29",",0","10",",0","6",",0",,,,,"0",",0","0",",0","0",",0","21",",0","0",",0","37",",0,20,",,,,,"0.64",",,0,28,","87",",0,12,","1190","0",,,"139",",0",,,,,,,,,,,"2.41",",,,0",,,"61.5",",0","72.0",",,,0","51.0",",,,0","10321","3,X","150",",X","160",",X",,,"29.1",",X","36",",X",,
"USW00012924","CORPUS CHRISTI INTERNATIONAL AIRPORT, TX US","27.77335","-97.51302","12.5","2001-04","15.9",",X","442","0","297",",0","4",",0","0",",0",,,,,"0",",0","0",",0","0",",0","30",",0","2",",0","52",",0,26,+",,,,,"0.08",",,0,17,","91",",0,14,","1193","0",,,"3",",0",,,,,,,,,,,"0.12",",,,0",,,"74.8",",0","83.8",",,,0","65.9",",,,0","11853","1,X","160",",X","160",",X",,,"36.0",",X","43",",X",,
"USW00012924","CORPUS CHRISTI INTERNATIONAL AIRPORT, TX US","27.77335","-97.51302","12.5","2001-05","11.4",",X","843","0","401",",0","4",",0","3",",0",,,,,"0",",0","0",",0","0",",0","31",",0","8",",0","60",",0,23,",,,,,"0.81",",,0,21,","92",",0,31,","1193","0",,,"0",",0",,,,,,,,,,,"1.55",",,,0",,,"77.9",",0","87.2",",,,0","68.7",",,,0","16150","1,X","30",",X","20",",X",,,"40.0",",X","46",",X",,
"USW00012924","CORPUS CHRISTI INTERNATIONAL AIRPORT, TX US","27.77335","-97.51302","12.5","2001-06","9.6",",X","1378","0","534",",0","8",",0","7",",0",,,,,"0",",0","0",",0","0",",0","30",",0","28",",0","69",",0,19,+",,,,,"1.92",",,0,25,","97",",0,07,","1193","0",,,"0",",0",,,,,,,,,,,"4.88",",,,0",,,"82.8",",0","92.3",",,,0","73.3",",,,0","15790",",X","50",",X","50",",X",,,"33.1",",X","41",",X",,
"USW00012924","CORPUS CHRISTI INTERNATIONAL AIRPORT, TX US","27.77335","-97.51302","12.5","2001-07","9.8",",X","1977","0","600",",0","5",",0","3",",0",,,,,"0",",0","0",",0","0",",0","31",",0","28",",0","71",",0,02,+",,,,,"1.30",",,0,02,","98",",0,28,","0","0",,,"0",",0",,,,,,,,,,,"1.82",",,,0",,,"84.3",",0","93.9",",,,0","74.8",",,,0","19313","1,X","180",",X","150",",X",,,"25.1",",X","35",",X",,
"USW00012924","CORPUS CHRISTI INTERNATIONAL AIRPORT, TX US","27.77335","-97.51302","12.5","2001-08","10.5",",X","2587","0","610",",0","7",",0","5",",0",,,,,"0",",0","0",",0","0",",0","31",",0","26",",0","71",",0,28,",,,,,"2.35",",,0,28,","99",",0,19,","0","0",,,"0",",0",,,,,,,,,,,"7.83",",,,0",,,"84.7",",0","94.1",",,,0","75.3",",,,0","15043","2,X","160",",X","150",",X",,,"28.0",",X","32",",X",,
"USW00012924","CORPUS CHRISTI INTERNATIONAL AIRPORT, TX US","27.77335","-97.51302","12.5","2001-09","8.3",",X","3037","0","449",",0","8",",0","6",",0",,,,,"0",",0","0",",0","0",",0","30",",0","15",",0","60",",0,28,",,,,,"3.69",",,0,09,","93",",0,19,","0","0",,,"0",",0",,,,,,,,,,,"6.78",",,,0",,,"80.0",",0","88.1",",,,0","71.8",",,,0","13652","3,X","30",",X","20",",X",,,"49.0",",X","58",",X",,
"USW00012924","CORPUS CHRISTI INTERNATIONAL AIRPORT, TX US","27.77335","-97.51302","12.5","2001-10","10.7",",X","3301","0","265",",0","4",",0","2",",0",,,,,"0",",0","0",",0","0",",0","31",",0","2",",0","50",",0,17,",,,,,"1.65",",,0,11,","94",",0,24,","4","0",,,"4",",0",,,,,,,,,,,"2.47",",,,0",,,"73.4",",0","83.2",",,,0","63.6",",,,0","13003","1,X","360",",X","20",",X",,,"31.1",",X","36",",X",,
"USW00012924","CORPUS CHRISTI INTERNATIONAL AIRPORT, TX US","27.77335","-97.51302","12.5","2001-11","10.3",",X","3436","0","135",",0","10",",0","5",",0",,,,,"0",",0","0",",0","0",",0","25",",0","0",",0","37",",0,29,",,,,,"4.55",",,0,16,","88",",0,02,","80","0",,,"75",",0",,,,,,,,,,,"7.44",",,,0",,,"67.0",",0","75.8",",,,0","58.1",",,,0","8627","1,X","90",",X","90",",X",,,"40.9",",X","47",",X",,
"USW00012924","CORPUS CHRISTI INTERNATIONAL AIRPORT, TX US","27.77335","-97.51302","12.5","2001-12","10.5",",X","3490","0","54",",0","8",",0","3",",0",,,,,"0",",0","0",",0","0",",0","16",",0","0",",0","35",",0,26,",,,,,"0.69",",,0,08,","80",",0,05,","285","0",,,"206",",0",,,,,,,,,,,"1.67",",,,0",,,"60.1",",0","68.7",",,,0","51.5",",,,0","8542",",W","170",",X","260",",X",,,"32.0",",X","48",",X",,
"USW00012924","CORPUS CHRISTI INTERNATIONAL AIRPORT, TX US","27.77335","-97.51302","12.5","2002-01","12.8",",X","67","0","67",",0","2",",0","1",",0",,,,,"0",",0","1",",0","0",",0","20",",0","0",",0","27",",0,03,",,,,,"0.29",",,0,05,","85",",0,31,","500","0",,,"215",",0",,,,,,,,,,,"0.30",",,,0",,,"60.2",",0","71.2",",,,0","49.2",",,,0","8656","1,W","150",",X","320",",Z",,,"36.0",",X","45",",Z",,
"USW00012924","CORPUS CHRISTI INTERNATIONAL AIRPORT, TX US","27.77335","-97.51302","12.5","2002-02","11.6",",X","79","0","11",",0","3",",0","1",",0",,,,,"0",",0","3",",0","0",",0","10",",0","0",",0","24",",0,27,",,,,,"0.20",",,0,28,","88",",0,21,","757","0",,,"257",",0",,,,,,,,,,,"0.28",",,,0",,,"56.2",",0","68.7",",,,0","43.7",",,,0","8787",",X","10",",X","20",",X",,,"36.9",",X","43",",X",,
"USW00012924","CORPUS CHRISTI INTERNATIONAL AIRPORT, TX US","27.77335","-97.51302","12.5","2002-03","15.0",",X","219","0","140",",0","3",",0","0",",0",,,,,"0",",0","1",",0","0",",0","25",",0","2",",0","28",",0,04,",,,,,"0.04",",,0,17,","92",",0,15,","860","0",,,"102",",0",,,,,,,,,,,"0.08",",,,0",,,"66.2",",0","77.0",",,,0","55.5",",,,0","5787",",W","170",",X","170",",X",,,"45.0",",X","54",",X",,
"USW00012924","CORPUS CHRISTI INTERNATIONAL AIRPORT, TX US","27.77335","-97.51302","12.5","2002-04","15.2",",X","593","0","374",",0","3",",0","1",",0",,,,,"0",",0","0",",0","0",",0","28",",0","10",",0","54",",0,02,",,,,,"0.11",",,0,06,","96",",0,08,","860","0",,,"0",",0",,,,,,,,,,,"0.14",",,,0",,,"77.5",",0","85.9",",,,0","69.0",",,,0","11794",",X","150",",X","150",",X",,,"40.0",",X","47",",X",,
"USW00012924","CORPUS CHRISTI INTERNATIONAL AIRPORT, TX US","27.77335","-97.51302","12.5","2002-05","13.9",",X","1042","0","449",",0","4",",0","3",",0",,,,,"0",",0","0",",0","0",",0","31",",0","15",",0","57",",0,20,",,,,,"1.76",",,0,13,","94",",0,02,","860","0",,,"0",",0",,,,,,,,,,,"3.11",",,,0",,,"79.5",",0","88.1",",,,0","70.9",",,,0","9367","1,X","40",",X","40",",X",,,"45.0",",X","49",",X",,
"USW00012924","CORPUS CHRISTI INTERNATIONAL AIRPORT, TX US","27.77335","-97.51302","12.5","2002-06","9.4",",X","1573","0","531",",0","7",",0","3",",0",,,,,"0",",0","0",",0","0",",0","30",",0","24",",0","69",",0,02,",,,,,"0.75",",,0,29,","97",",0,26,","860","0",,,"0",",0",,,,,,,,,,,"1.59",",,,0",,,"82.7",",0","92.0",",,,0","73.5",",,,0","15713","2,X","70",",X","70",",X",,,"34.9",",X","44",",X",,
"USW00012924","CORPUS CHRISTI INTERNATIONAL AIRPORT, TX US","27.77335","-97.51302","12.5","2002-07","11.4",",X","2160","0","586",",0","6",",0","5",",0",,,,,"0",",0","0",",0","0",",0","31",",0","26",",0","70",",0,24,",,,,,"1.71",",,0,10,","97",",0,28,+","0","0",,,"0",",0",,,,,,,,,,,"3.51",",,,0",,,"83.9",",0","92.4",",,,0","75.4",",,,0","16540",",X","150",",X","160",",X",,,"30.0",",X","35",",X",,
"USW00012924","CORPUS CHRISTI INTERNATIONAL AIRPORT, TX US","27.77335","-97.51302","12.5","2002-08","10.3",",X","2787","0","627",",0","5",",0","1",",0",,,,,"0",",0","0",",0","0",",0","31",",0","31",",0","70",",0,06,+",,,,,"1.04",",,0,09,","100",",0,26,+","0","0",,,"0",",0",,,,,,,,,,,"1.13",",,,0",,,"85.2",",0","95.7",",,,0","74.8",",,,0","17722",",X","170",",X","170",",X",,,"29.1",",X","33",",X",,
"USW00012924","CORPUS CHRISTI INTERNATIONAL AIRPORT, TX US","27.77335","-97.51302","12.5","2002-09","10.5",",X","3248","0","461",",0","11",",0","9",",0",,,,,"0",",0","0",",0","0",",0","30",",0","15",",0","63",",0,21,",,,,,"2.53",",,0,15,","96",",0,13,","0","0",,,"0",",0",,,,,,,,,,,"6.37",",,,0",,,"80.4",",0","89.5",",,,0","71.3",",,,0","13126",",X","60",",X","200",",X",,,"29.1",",X","33",",X",,
"USW00012924","CORPUS CHRISTI INTERNATIONAL AIRPORT, TX US","27.77335","-97.51302","12.5","2002-10","10.1",",X","3560","0","312",",0","10",",0","7",",0",,,,,"0",",0","0",",0","0",",0","28",",0","7",",0","47",",0,16,",,,,,"2.94",",,0,24,","92",",0,06,+","6","0",,,"6",",0",,,,,,,,,,,"9.51",",,,0",,,"74.9",",0","82.5",",,,0","67.3",",,,0","6371","1,X","280",",X","280",",X",,,"49.0",",X","75",",X",,
"USW00012924","CORPUS CHRISTI INTERNATIONAL AIRPORT, TX US","27.77335","-97.51302","12.5","2002-11","10.7",",X","3597","0","36",",0","3",",0","3",",0",,,,,"0",",0","0",",0","0",",0","21",",0","0",",0","42",",0,17,",,,,,"0.88",",,0,04,","84",",0,10,","118","0",,,"112",",0",,,,,,,,,,,"2.21",",,,0",,,"62.5",",0","71.7",",,,0","53.3",",,,0","11067","1,X","20",",X","20",",X",,,"30.0",",X","36",",X",,
"USW00012924","CORPUS CHRISTI INTERNATIONAL AIRPORT, TX US","27.77335","-97.51302","12.5","2002-12","11.9",",X","3622","0","25",",0","7",",0","4",",0",,,,,"0",",0","0",",0","0",",0","12",",0","0",",0","34",",0,06,",,,,,"1.10",",,0,12,","80",",0,18,+","350","0",,,"232",",0",,,,,,,,,,,"3.19",",,,0",,,"58.3",",0","67.7",",,,0","49.0",",,,0","7051",",X","320",",X","270",",X",,,"36.0",",X","44",",X",,
"USW00012924","CORPUS CHRISTI INTERNATIONAL AIRPORT, TX US","27.77335","-97.51302","12.5","2003-01","10.1",",X","3","0","3",",0","7",",0","4",",0",,,,,"0",",0","1",",0","0",",0","7",",0","0",",0","31",",0,18,",,,,,"0.33",",,0,11,","80",",0,21,","703","0",,,"353",",0",,,,,,,,,,,"1.02",",,,0",,,"53.7",",0","62.9",",,,0","44.5",",,,0","8738",",X","10",",X","20",",X",,,"30.0",",X","36",",X",,
"USW00012924","CORPUS CHRISTI INTERNATIONAL AIRPORT, TX US","27.77335","-97.51302","12.5","2003-02","12.8",",X","30","0","27",",0","3",",0","2",",0",,,,,"0",",0","0",",0","0",",0","13",",0","0",",0","33",",0,25,",,,,,"0.90",",,0,15,","87",",0,03,","945","0",,,"242",",0",,,,,,,,,,,"1.34",",,,0",,,"57.3",",0","65.7",",,,0","48.9",",,,0","3071","3,X","300",",X","300",",X",,,"42.9",",X","54",",X",,
"USW00012924","CORPUS CHRISTI INTERNATIONAL AIRPORT, TX US","27.77335","-97.51302","12.5","2003-03","10.7",",X","92","0","62",",0","7",",0","3",",0",,,,,"0",",0","0",",0","0",",0","22",",0","0",",0","36",",0,30,",,,,,"0.56",",,0,15,","85",",0,19,","1040","0",,,"95",",0",,,,,,,,,,,"1.29",",,,0",,,"63.9",",0","73.4",",,,0","54.5",",,,0","8725",",X","320",",X","310",",X",,,"40.0",",X","49",",X",,
"USW00012924","CORPUS CHRISTI INTERNATIONAL AIRPORT, TX US","27.77335","-97.51302","12.5","2003-04","13.2",",X","344","0","251",",0","5",",0","0",",0",,,,,"0",",0","0",",0","0",",0","30",",0","2",",0","41",",0,10,",,,,,"0.03",",,0,29,+","99",",0,25,","1054","0",,,"14",",0",,,,,,,,,,,"0.13",",,,0",,,"72.9",",0","81.7",",,,0","64.1",",,,0","1502","1,","160",",X","150",",X",,,"34.9",",X","41",",X",,
"USW00012924","CORPUS CHRISTI INTERNATIONAL AIRPORT, TX US","27.77335","-97.51302","12.5","2003-05","12.5",",X","854","0","510",",0","1",",0","0",",0",,,,,"0",",0","0",",0","0",",0","31",",0","21",",0","64",",0,29,",,,,,"0.01",",,0,02,","96",",0,05,","1054","0",,,"0",",0",,,,,,,,,,,"0.01",",,,0",,,"81.5",",0","90.3",",,,0","72.6",",,,0","7516","1,W","160",",X","160",",X",,,"34.9",",X","39",",X",,
"USW00012924","CORPUS CHRISTI INTERNATIONAL AIRPORT, TX US","27.77335","-97.51302","12.5","2003-06","8.9",",X","1383","0","529",",0","8",",0","7",",0",,,,,"0",",0","0",",0","0",",0","30",",0","27",",0","70",",0,16,+",,,,,"1.03",",,0,10,","96",",0,30,","1054","0",,,"0",",0",,,,,,,,,,,"3.25",",,,0",,,"82.7",",0","91.7",",,,0","73.6",",,,0","8160",",W","340",",X","340",",X",,,"34.9",",X","40",",X",,
"USW00012924","CORPUS CHRISTI INTERNATIONAL AIRPORT, TX US","27.77335","-97.51302","12.5","2003-07","8.1",",X","1930","0","546",",0","13",",0","7",",0",,,,,"0",",0","0",",0","0",",0","31",",0","27",",0","72",",0,21,+",,,,,"0.89",",,0,05,","95",",0,31,+","0","0",,,"0",",0",,,,,,,,,,,"4.28",",,,0",,,"82.6",",0","91.1",",,,0","74.1",",,,0","10496",",X","150",",X","140",",X",,,"32.0",",X","43",",X",,
"USW00012924","CORPUS CHRISTI INTERNATIONAL AIRPORT, TX US","27.77335","-97.51302","12.5","2003-08","9.4",",X","2516","0","586",",0","6",",0","3",",0",,,,,"0",",0","0",",0","0",",0","31",",0","29",",0","70",",0,27,+",,,,,"0.97",",,0,14,","101",",0,08,+","0","0",,,"0",",0",,,,,,,,,,,"1.65",",,,0",,,"83.9",",0","94.6",",,,0","73.2",",,,0","8200","1,","20",",X","10",",X",,,"38.9",",X","47",",X",,
"USW00012924","CORPUS CHRISTI INTERNATIONAL AIRPORT, TX US","27.77335","-97.51302","12.5","2003-09","8.3",",X","2936","0","420",",0","12",",0","11",",0",,,,,"0",",0","0",",0","0",",0","30",",0","7",",0","66",",0,30,",,,,,"4.69",",,0,12,","96",",0,11,","0","0",,,"0",",0",,,,,,,,,,,"10.73",",,,0",,,"79.0",",0","86.3",",,,0","71.7",",,,0","2198","2,X","30",",X","30",",X",,,"36.0",",X","43",",X",,
"USW00012924","CORPUS CHRISTI INTERNATIONAL AIRPORT, TX US","27.77335","-97.51302","12.5","2003-10","9.4",",X","3220","0","284",",0","7",",0","7",",0",,,,,"0",",0","0",",0","0",",0","30",",0","1",",0","49",",0,28,",,,,,"1.63",",,0,25,","90",",0,17,","10","0",,,"10",",0",,,,,,,,,,,"3.58",",,,0",,,"73.8",",0","82.7",",,,0","65.0",",,,0","6036","1,W","310",",X","10",",X",,,"42.9",",X","52",",X",,
"USW00012924","CORPUS CHRISTI INTERNATIONAL AIRPORT, TX US","27.77335","-97.51302","12.5","2003-11","10.7",",X","3379","0","159",",0","5",",0","1",",0",,,,,"0",",0","0",",0","0",",0","25",",0","0",",0","34",",0,29,",,,,,"0.74",",,0,17,","86",",0,15,","85","0",,,"75",",0",,,,,,,,,,,"0.86",",,,0",,,"67.8",",0","77.4",",,,0","58.2",",,,0","2215","3,W","10",",X","20",",X",,,"33.1",",X","40",",X",,
"USW00012924","CORPUS CHRISTI INTERNATIONAL AIRPORT, TX US","27.77335","-97.51302","12.5","2003-12","11.2",",X","3402","0","23",",0","6",",0","1",",0",,,,,"0",",0","3",",0","0",",0","19",",0","0",",0","30",",0,17,",,,,,"0.34",",,0,12,","80",",0,26,+","298","0",,,"213",",0",,,,,,,,,,,"0.57",",,,0",,,"58.9",",0","71.3",",,,0","46.5",",,,0","1472","4,X","180",",X","180",",X",,,"38.9",",X","44",",X",,
"USW00012924","CORPUS CHRISTI INTERNATIONAL AIRPORT, TX US","27.77335","-97.51302","12.5","2004-01","11.6",",X","40","0","40",",0","9",",0","3",",0",,,,,"0",",0","0",",0","0",",0","13",",0","0",",0","36",",0,27,",,,,,"1.37",",,0,16,","82",",0,02,","522","0",,,"224",",0",,,,,,,,,,,"2.00",",,,0",,,"59.1",",0","66.6",",,,0","51.5",",,,0",,,"150",",X","170",",X",,,"31.1",",X","35",",X",,
"USW00012924","CORPUS CHRISTI INTERNATIONAL AIRPORT, TX US","27.77335","-97.51302","12.5","2004-02","12.3",",X","62","0","22",",0","7",",0","3",",0",,,,,"0",",0","0",",0","0",",0","13",",0","0",",0","36",",0,15,",,,,,"1.39",",,0,24,","79",",0,23,","745","0",,,"223",",0",,,,,,,,,,,"2.15",",,,0",,,"58.0",",0","67.1",",,,0","48.9",",,,0",,,"270",",X","270",",X",,,"40.0",",X","45",",X",,
"USW00012924","CORPUS CHRISTI INTERNATIONAL AIRPORT, TX US","27.77335","-97.51302","12.5","2004-03","12.8",",X","243","0","182",",0","3",",0","2",",0",,,,,"0",",0","0",",0","0",",0","31",",0","1",",0","50",",0,09,",,,,,"0.83",",,0,14,","90",",0,31,","747","0",,,"2",",0",,,,,,,,,,,"1.08",",,,0",,,"70.8",",0","78.9",",,,0","62.6",",,,0",,,"140",",X","150",",X",,,"42.9",",X","49",",X",,
"USW00012924","CORPUS CHRISTI INTERNATIONAL AIRPORT, TX US","27.77335","-97.51302","12.5","2004-04","13.6",",X","456","0","212",",0","8",",0","5",",0",,,,,"0",",0","0",",0","0",",0","28",",0","0",",0","47",",0,13,",,,,,"6.18",",,0,25,","85",",0,01,","769","0",,,"22",",0",,,,,,,,,,,"9.21",",,,0",,,"71.3",",0","79.2",",,,0","63.5",",,,0",,,"70",",X","80",",X",,,"46.1",",X","54",",X",,
"USW00012924","CORPUS CHRISTI INTERNATIONAL AIRPORT, TX US","27.77335","-97.51302","12.5","2004-05","12.8",",X","803","0","347",",0","5",",0","5",",0",,,,,"0",",0","0",",0","0",",0","31",",0","2",",0","52",",0,03,",,,,,"2.43",",,0,13,","95",",0,31,","771","0",,,"1",",0",,,,,,,,,,,"5.36",",,,0",,,"76.2",",0","83.2",",,,0","69.1",",,,0","0","3,W","70",",X","70",",X",,,"44.1",",X","51",",X",,
"USW00012924","CORPUS CHRISTI INTERNATIONAL AIRPORT, TX US","27.77335","-97.51302","12.5","2004-06","11.0",",X","1322","0","519",",0","9",",0","4",",0",,,,,"0",",0","0",",0","0",",0","30",",0","20",",0","68",",0,26,",,,,,"1.20",",,0,22,","94",",0,21,+","771","0",,,"0",",0",,,,,,,,,,,"2.44",",,,0",,,"82.3",",0","90.1",",,,0","74.5",",,,0",,,"190",",X","160",",X",,,"33.1",",X","39",",X",,
"USW00012924","CORPUS CHRISTI INTERNATIONAL AIRPORT, TX US","27.77335","-97.51302","12.5","2004-07","8.7",",X","1898","0","576",",0","5",",0","2",",0",,,,,"0",",0","0",",0","0",",0","31",",0","28",",0","69",",0,15,+",,,,,"0.98",",,0,10,","98",",0,18,","0","0",,,"0",",0",,,,,,,,,,,"1.27",",,,0",,,"83.6",",0","92.7",",,,0","74.5",",,,0",,,"170",",X","120","1,X",,,"30.0",",X","28","1,X",,
"USW00012924","CORPUS CHRISTI INTERNATIONAL AIRPORT, TX US","27.77335","-97.51302","12.5","2004-08","9.8",",X","2508","0","611",",0","3",",0","1",",0",,,,,"0",",0","0",",0","0",",0","31",",0","31",",0","64",",0,13,",,,,,"0.12",",,0,11,","98",",0,25,+","0","0",,,"0",",0",,,,,,,,,,,"0.18",",,,0",,,"84.7",",0","95.1",",,,0","74.4",",,,0",,,"140",",X","320","2,X",,,"36.9",",X","155","2,X",,
"USW00012924","CORPUS CHRISTI INTERNATIONAL AIRPORT, TX US","27.77335","-97.51302","12.5","2004-09","7.6",",X","2989","0","481",",0","12",",0","7",",0",,,,,"0",",0","0",",0","0",",0","30",",0","17",",0","68",",0,30,+",,,,,"3.89",",,0,04,","95",",0,24,","0","0",,,"0",",0",,,,,,,,,,,"8.74",",,,0",,,"81.0",",0","89.6",",,,0","72.5",",,,0",,,"110",",X","120",",X",,,"32.0",",X","236",",X",,
"USW00012924","CORPUS CHRISTI INTERNATIONAL AIRPORT, TX US","27.77335","-97.51302","12.5","2004-10","11.0",",X","3455","0","466",",0","6",",0","2",",0",,,,,"0",",0","0",",0","0",",0","31",",0","19",",0","52",",0,15,",,,,,"0.34",",,0,14,","96",",0,18,","0","0",,,"0",",0",,,,,,,,,,,"0.72",",,,0",,,"80.0",",0","89.7",",,,0","70.3",",,,0",,,"150",",X","140",",X",,,"29.1",",X","35",",X",,
"USW00012924","CORPUS CHRISTI INTERNATIONAL AIRPORT, TX US","27.77335","-97.51302","12.5","2004-11","11.6",",X","3588","0","132",",0","8",",0","4",",0",,,,,"0",",0","0",",0","0",",0","27",",0","0",",0","43",",0,25,+",,,,,"0.48",",,0,14,","86",",0,23,+","50","0",,,"50",",0",,,,,,,,,,,"1.25",",,,0",,,"67.7",",0","78.3",",,,0","57.1",",,,0",,,"320",",X","320",",X",,,"38.0",",X","45",",X",,
"USW00012924","CORPUS CHRISTI INTERNATIONAL AIRPORT, TX US","27.77335","-97.51302","12.5","2004-12","10.3",",X","3615","0","27",",0","2",",0","2",",0","1",",0","2",",0","0",",0","4",",0","0",",0","16",",0","0",",0","22",",0,25,","4",",,0,25,","2.3",",,0,24,","0.27",",,0,24,","87",",0,09,","321","0",,,"270",",0",,,,,,,,,,,"0.48",",,,0","4.4",",,,0","57.1",",0","69.1",",,,0","45.2",",,,0",,,"30",",X","10","1,X",,,"31.1",",X","36","1,X",,
"USW00012924","CORPUS CHRISTI INTERNATIONAL AIRPORT, TX US","27.77335","-97.51302","12.5","2005-01","12.8",",X","73","0","73",",0","8",",0","2",",0","0",",0","0",",0","0",",0","0",",0","0",",0","17",",0","0",",0","35",",0,14,","0",",,0,31,+","0.0",",,0,31,+","0.40",",,0,28,","83",",0,22,+","519","0",,,"198",",0",,,,,,,,,,,"0.74",",,,0","0.0",",,,0","61.0",",0","70.5",",,,0","51.4",",,,0","0","2,W","160",",X","170",",X",,,"36.0",",X","45",",X",,
"USW00012924","CORPUS CHRISTI INTERNATIONAL AIRPORT, TX US","27.77335","-97.51302","12.5","2005-02","11.9",",X","145","0","72",",0","11",",0","4",",0","0",",0","0",",0","0",",0","0",",0","0",",0","15",",0","0",",0","43",",0,03,","0",",,0,28,+","0.0",",,0,28,+","1.43",",,0,26,","88",",0,14,","652","0",,,"133",",0",,,,,,,,,,,"3.02",",,,0","0.0",",,,0","62.8",",0","70.2",",,,0","55.5",",,,0",,,"30",",X","20",",X",,,"33.1",",X","38",",X",,
"USW00012924","CORPUS CHRISTI INTERNATIONAL AIRPORT, TX US","27.77335","-97.51302","12.5","2005-03","11.4",",X","243","0","98",",0","13",",0","6",",0","0",",0","0",",0","0",",0","0",",0","0",",0","27",",0","1",",0","43",",0,18,","0",",,0,31,+","0.0",",,0,31,+","0.93",",,0,19,","94",",0,13,","710","0",,,"58",",0",,,,,,,,,,,"2.46",",,,0","0.0",",,,0","66.3",",0","76.1",",,,0","56.5",",,,0",,,"330",",X","330",",X",,,"38.9",",X","44",",X",,
"USW00012924","CORPUS CHRISTI INTERNATIONAL AIRPORT, TX US","27.77335","-97.51302","12.5","2005-04","12.5",",X","482","0","239",",0","3",",0","1",",0","0",",0","0",",0","0",",0","0",",0","0",",0","30",",0","3",",0","43",",0,03,+","0",",,0,30,+","0.0",",,0,30,+","0.13",",,0,25,","95",",0,29,","721","0",,,"10",",0",,,,,,,,,,,"0.21",",,,0","0.0",",,,0","72.6",",0","83.5",",,,0","61.7",",,,0",,,"10",",X","10",",X",,,"36.0",",X","43",",X",,
"USW00012924","CORPUS CHRISTI INTERNATIONAL AIRPORT, TX US","27.77335","-97.51302","12.5","2005-05","11.0",",X","866","0","384",",0","4",",0","2",",0","0",",0","0",",0","0",",0","0",",0","0",",0","31",",0","12",",0","52",",0,01,","0",",,0,31,+","0.0",",T,0,08,","0.94",",,0,29,","94",",0,31,","721","0",,,"0",",0",,,,,,,,,,,"1.90",",,,0","0.0",",T,,0","77.4",",0","86.3",",,,0","68.4",",,,0",,,"40",",X","20",",X",,,"46.1",",X","60",",X",,
"USW00012924","CORPUS CHRISTI INTERNATIONAL AIRPORT, TX US","27.77335","-97.51302","12.5","2005-06","9.4",",X","1379","0","513",",0","4",",0","4",",0","0",",0","0",",0","0",",0","0",",0","0",",0","30",",0","23",",0","66",",0,01,","0",",,0,30,+","0.0",",,0,30,+","1.01",",,0,26,","95",",0,30,","721","0",,,"0",",0",,,,,,,,,,,"1.94",",,,0","0.0",",,,0","82.1",",0","91.0",",,,0","73.2",",,,0",,,"10",",X","340",",X",,,"34.9",",X","41",",X",,
"USW00012924","CORPUS CHRISTI INTERNATIONAL AIRPORT, TX US","27.77335","-97.51302","12.5","2005-07","8.1",",X","1999","0","620",",0","8",",0","3",",0","0",",0","0",",0","0",",0","0",",0","0",",0","31",",0","30",",0","72",",0,31,+","0",",,0,31,+","0.0",",,0,31,+","0.78",",,0,15,","100",",0,09,+","0","0",,,"0",",0",,,,,,,,,,,"1.83",",,,0","0.0",",,,0","85.0",",0","95.2",",,,0","74.8",",,,0",,,"90",",X","90",",X",,,"36.0",",X","41",",X",,
"USW00012924","CORPUS CHRISTI INTERNATIONAL AIRPORT, TX US","27.77335","-97.51302","12.5","2005-08","8.9",",X","2674","0","675",",0","4",",0","1",",0","0",",0","0",",0","0",",0","0",",0","0",",0","31",",0","31",",0","69",",0,01,","0",",,0,31,+","0.0",",,0,31,+","0.11",",,0,28,","104",",0,30,","0","0",,,"0",",0",,,,,,,,,,,"0.25",",,,0","0.0",",,,0","86.8",",0","98.0",",,,0","75.5",",,,0",,,"40",",X","50",",X",,,"31.1",",X","35",",X",,
"USW00012924","CORPUS CHRISTI INTERNATIONAL AIRPORT, TX US","27.77335","-97.51302","12.5","2005-09","8.9",",X","3259","0","585",",0","10",",0","5",",0","0",",0","0",",0","0",",0","0",",0","0",",0","30",",0","25",",0","72",",0,30,+","0",",,0,30,+","0.0",",,0,30,+","1.49",",,0,09,","106",",0,24,","0","0",,,"0",",0",,,,,,,,,,,"4.43",",,,0","0.0",",,,0","84.5",",0","94.5",",,,0","74.4",",,,0",,,"20",",X","20",",X",,,"25.9",",X","31",",X",,
"USW00012924","CORPUS CHRISTI INTERNATIONAL AIRPORT, TX US","27.77335","-97.51302","12.5","2005-10","10.1",",X","3554","0","296",",0","7",",0","4",",0","0",",0","0",",0","0",",0","0",",0","0",",0","30",",0","5",",0","41",",0,25,","0",",,0,31,+","0.0",",,0,31,+","1.34",",,0,11,","93",",0,10,+","17","0",,,"17",",0",,,,,,,,,,,"3.15",",,,0","0.0",",,,0","74.0",",0","84.2",",,,0","63.8",",,,0",,,"10",",X","10",",X",,,"36.0",",X","44",",X",,
"USW00012924","CORPUS CHRISTI INTERNATIONAL AIRPORT, TX US","27.77335","-97.51302","12.5","2005-11","10.5",",X","3710","0","155",",0","4",",0","4",",0","0",",0","0",",0","0",",0","0",",0","0",",0","25",",0","0",",0","41",",0,29,","0",",,0,30,+","0.0",",,0,30,+","4.05",",,0,26,","89",",0,15,","89","0",,,"72",",0",,,,,,,,,,,"5.02",",,,0","0.0",",,,0","67.8",",0","79.3",",,,0","56.3",",,,0",,,"10",",X","20",",X",,,"40.0",",X","46",",X",,
"USW00012924","CORPUS CHRISTI INTERNATIONAL AIRPORT, TX US","27.77335","-97.51302","12.5","2005-12","11.2",",X","3746","0","36",",0","5",",0","2",",0","0",",0","0",",0","0",",0","0",",0","0",",0","15",",0","0",",0","33",",0,08,","0",",,0,31,+","0.0",",,0,31,+","0.17",",,0,04,","87",",0,27,","318","0",,,"229",",0",,,,,,,,,,,"0.36",",,,0","0.0",",,,0","58.8",",0","69.7",",,,0","47.9",",,,0",,,"20",",X","30",",X",,,"31.1",",X","37",",X",,
"USW00012924","CORPUS CHRISTI INTERNATIONAL AIRPORT, TX US","27.77335","-97.51302","12.5","2006-01","11.6",",W","58","0","58",",0","5",",0","0",",0","0",",0","0",",0","0",",0","0",",0","0",",0","26",",0","0",",0","34",",0,14,","0",",,0,31,+","0.0",",,0,31,+","0.08",",,0,22,","87",",0,02,","433","0",,,"115",",0",,,,,,,,,,,"0.26",",,,0","0.0",",,,0","63.1",",0","75.9",",,,0","50.4",",,,0",,,"340",",X","340",",X",,,"38.0",",X","47",",X",,
"USW00012924","CORPUS CHRISTI INTERNATIONAL AIRPORT, TX US","27.77335","-97.51302","12.5","2006-02","13.0",",W","119","0","61",",0","2",",0","0",",0","0",",0","0",",0","0",",0","1",",0","0",",0","22",",0","2",",0","25",",0,12,","0",",,0,28,+","0.0",",,0,28,+","0.03",",,0,18,","95",",0,03,","575","0",,,"142",",0",,,,,,,,,,,"0.05",",,,0","0.0",",,,0","62.1",",0","75.3",",,,0","49.0",",,,0",,,"320",",X","360",",X",,,"38.9",",X","46",",X",,
"USW00012924","CORPUS CHRISTI INTERNATIONAL AIRPORT, TX US","27.77335","-97.51302","12.5","2006-03","15.4",",W","354","0","235",",0","5",",0","1",",0","0",",0","0",",0","0",",0","0",",0","0",",0","27",",0","3",",0","37",",0,25,","0",",,0,31,+","0.0",",,0,31,+","0.21",",,0,28,","91",",0,11,","617","0",,,"42",",0",,,,,,,,,,,"0.33",",,,0","0.0",",,,0","71.2",",0","80.8",",,,0","61.7",",,,0",,,"150",",X","150",",X",,,"40.9",",X","48",",X",,
"USW00012924","CORPUS CHRISTI INTERNATIONAL AIRPORT, TX US","27.77335","-97.51302","12.5","2006-04","15.2",",W","731","0","376",",0","3",",0","1",",0","0",",0","0",",0","0",",0","0",",0","0",",0","30",",0","9",",0","54",",0,10,","0",",,0,30,+","0.0",",,0,30,+","0.22",",,0,25,","95",",0,29,","617","0",,,"0",",0",,,,,,,,,,,"0.25",",,,0","0.0",",,,0","77.6",",0","87.1",",,,0","68.0",",,,0",,,"150",",X","160",",X",,,"36.9",",X","46",",X",,
"USW00012924","CORPUS CHRISTI INTERNATIONAL AIRPORT, TX US","27.77335","-97.51302","12.5","2006-05","13.2",",W","1220","0","489",",0","6",",0","4",",0","0",",0","0",",0","0",",0","0",",0","0",",0","31",",0","23",",0","60",",0,17,+","0",",,0,31,+","0.0",",,0,31,+","3.06",",,0,31,","103",",0,10,","617","0",,,"0",",0",,,,,,,,,,,"4.43",",,,0","0.0",",,,0","80.8",",0","91.0",",,,0","70.6",",,,0",,,"110",",X","90",",X",,,"36.9",",X","44",",X",,
"USW00012924","CORPUS CHRISTI INTERNATIONAL AIRPORT, TX US","27.77335","-97.51302","12.5","2006-06","8.9",",W","1734","0","514",",0","5",",0","3",",0","0",",0","0",",0","0",",0","0",",0","0",",0","30",",0","21",",0","69",",0,13,","0",",,0,30,+","0.0",",,0,30,+","8.62",",,0,01,","97",",0,26,+","617","0",,,"0",",0",,,,,,,,,,,"11.19",",,,0","0.0",",,,0","82.1",",0","90.8",",,,0","73.4",",,,0",,,"90",",X","40",",X",,,"38.0",",X","49",",X",,
"USW00012924","CORPUS CHRISTI INTERNATIONAL AIRPORT, TX US","27.77335","-97.51302","12.5","2006-07","7.8",",W","2286","0","551",",0","12",",0","7",",0","0",",0","0",",0","0",",0","0",",0","0",",0","31",",0","21",",0","72",",0,18,","0",",,0,31,+","0.0",",,0,31,+","1.58",",,0,06,","96",",0,22,","0","0",,,"0",",0",,,,,,,,,,,"5.26",",,,0","0.0",",,,0","82.8",",0","90.4",",,,0","75.2",",,,0",,,"140",",X","110",",X",,,"25.1",",X","37",",X",,
"USW00012924","CORPUS CHRISTI INTERNATIONAL AIRPORT, TX US","27.77335","-97.51302","12.5","2006-08","9.2",",W","2927","0","642",",0","4",",0","3",",0","0",",0","0",",0","0",",0","0",",0","0",",0","31",",0","31",",0","72",",0,29,+","0",",,0,31,+","0.0",",,0,31,+","0.25",",,0,07,","99",",0,25,+","0","0",,,"0",",0",,,,,,,,,,,"0.61",",,,0","0.0",",,,0","85.7",",0","95.9",",,,0","75.5",",,,0",,,"140",",X","130",",X",,,"25.1",",X","35",",X",,
"USW00012924","CORPUS CHRISTI INTERNATIONAL AIRPORT, TX US","27.77335","-97.51302","12.5","2006-09","9.2",",W","3408","0","480",",0","8",",0","5",",0","0",",0","0",",0","0",",0","0",",0","0",",0","30",",0","16",",0","65",",0,27,+","0",",,0,30,+","0.0",",,0,30,+","2.67",",,0,18,","98",",0,01,","0","0",,,"0",",0",,,,,,,,,,,"7.11",",,,0","0.0",",,,0","81.0",",0","89.2",",,,0","72.8",",,,0",,,"160",",X","180","3,X",,,"31.1",",X","40","3,X",,
"USW00012924","CORPUS CHRISTI INTERNATIONAL AIRPORT, TX US","27.77335","-97.51302","12.5","2006-10","9.6",",W","3755","0","348",",0","6",",0","4",",0","0",",0","0",",0","0",",0","0",",0","0",",0","31",",0","8",",0","49",",0,29,+","0",",,0,31,+","0.0",",,0,31,+","1.21",",,0,14,","94",",0,17,","4","0",,,"4",",0",,,,,,,,,,,"2.25",",,,0","0.0",",,,0","76.1",",0","85.3",",,,0","66.9",",,,0",,,"30",",X","30",",X",,,"40.0",",X","47",",X",,
"USW00012924","CORPUS CHRISTI INTERNATIONAL AIRPORT, TX US","27.77335","-97.51302","12.5","2006-11","11.2",",W","3900","0","145",",0","2",",0","0",",0","0",",0","0",",0","0",",0","0",",0","0",",0","30",",0","2",",0","36",",0,17,","0",",,0,30,+","0.0",",,0,30,+","0.06",",,0,06,","91",",0,10,","56","0",,,"52",",0",,,,,,,,,,,"0.08",",,,0","0.0",",,,0","68.1",",0","80.0",",,,0","56.2",",,,0",,,"320",",X","340",",X",,,"45.0",",X","55",",X",,
"USW00012924","CORPUS CHRISTI INTERNATIONAL AIRPORT, TX US","27.77335","-97.51302","12.5","2006-12","10.7",",W","3948","0","47",",0","8",",0","5",",0","0",",0","0",",0","0",",0","1",",0","0",",0","15",",0","0",",0","29",",0,01,","0",",,0,31,+","0.0",",T,0,08,","0.57",",,0,19,","82",",0,17,+","296","0",,,"240",",0",,,,,,,,,,,"2.11",",,,0","0.0",",T,,0","58.8",",0","68.4",",,,0","49.2",",,,0",,,"40",",X","40",",X",,,"42.9",",X","51",",X",,
